,date,one_rep_max,mean_reps,routine,completion_rate,total_volume,max_weight,workout_day,primary_lift,days_since_last_workout,days_since_last_workout_day,weekday,age,bodyweight
0,2014-06-07,200.0,8.222222222222221,n/a,1.0,8114.0,150.0,Back,Lat Pulldown,0 days 00:00:00.000000000,0 days 00:00:00.000000000,Saturday,19,
1,2014-06-08,73.33333333333333,10.0,n/a,0.75,1650.0,55.0,Chest,Flat Dumbbell Bench Press,1 days 00:00:00.000000000,0 days 00:00:00.000000000,Sunday,19,
2,2014-06-10,300.0,10.0,n/a,1.0,12900.0,225.0,Legs,Leg Press,2 days 00:00:00.000000000,0 days 00:00:00.000000000,Tuesday,19,
3,2014-06-17,73.33333333333333,8.2,n/a,1.0,1995.0,55.0,Chest,Flat Dumbbell Bench Press,7 days 00:00:00.000000000,9 days 00:00:00.000000000,Tuesday,19,
4,2014-06-19,320.0,8.153846153846153,n/a,1.0,10780.0,240.0,Legs,Leg Press,2 days 00:00:00.000000000,9 days 00:00:00.000000000,Thursday,19,
5,2014-06-22,340.0,8.5,n/a,1.0,11425.0,255.0,Legs,Leg Press,3 days 00:00:00.000000000,3 days 00:00:00.000000000,Sunday,19,
6,2014-06-24,200.0,7.615384615384615,n/a,1.0,6919.0,150.0,Back,Lat Pulldown,2 days 00:00:00.000000000,17 days 00:00:00.000000000,Tuesday,19,
7,2014-07-01,80.0,9.0,n/a,1.0,1910.0,60.0,Chest,Flat Dumbbell Bench Press,7 days 00:00:00.000000000,14 days 00:00:00.000000000,Tuesday,19,
8,2014-07-02,206.66666666666666,7.166666666666667,n/a,1.0,4663.0,155.0,Back,Lat Pulldown,1 days 00:00:00.000000000,8 days 00:00:00.000000000,Wednesday,19,
9,2014-07-07,86.66666666666667,8.166666666666666,n/a,1.0,2515.0,65.0,Chest,Flat Dumbbell Bench Press,5 days 00:00:00.000000000,6 days 00:00:00.000000000,Monday,19,
10,2014-07-09,152.0,7.666666666666667,n/a,1.0,4695.0,120.0,Back,Seated Cable Row,2 days 00:00:00.000000000,7 days 00:00:00.000000000,Wednesday,19,
11,2014-07-13,66.66666666666667,10.0,n/a,1.0,1300.0,50.0,Chest,Dumbbell Overhead Triceps Extension,4 days 00:00:00.000000000,6 days 00:00:00.000000000,Sunday,19,
12,2014-07-16,86.66666666666667,10.0,n/a,1.0,1950.0,65.0,Chest,Flat Dumbbell Bench Press,3 days 00:00:00.000000000,3 days 00:00:00.000000000,Wednesday,19,
13,2014-07-22,340.0,8.5,n/a,1.0,11425.0,255.0,Legs,Leg Press,6 days 00:00:00.000000000,30 days 00:00:00.000000000,Tuesday,19,
14,2014-07-23,200.0,10.0,n/a,1.0,8100.0,150.0,Back,Lat Pulldown,1 days 00:00:00.000000000,14 days 00:00:00.000000000,Wednesday,19,
15,2014-07-27,213.33333333333334,7.083333333333333,n/a,0.6666666666666666,5235.0,160.0,Chest,Seated Machine Fly,4 days 00:00:00.000000000,11 days 00:00:00.000000000,Sunday,19,
16,2014-07-30,200.0,10.0,n/a,1.0,8550.0,150.0,Back,Lat Pulldown,3 days 00:00:00.000000000,7 days 00:00:00.000000000,Wednesday,19,
17,2014-08-07,1.2,4.666666666666667,n/a,1.0,14.0,1.0,Back,Pull Up,8 days 00:00:00.000000000,8 days 00:00:00.000000000,Thursday,19,
18,2014-08-08,220.0,4.333333333333333,n/a,1.0,4260.0,165.0,Chest,Seated Machine Fly,1 days 00:00:00.000000000,12 days 00:00:00.000000000,Friday,19,
19,2014-08-14,86.66666666666667,7.833333333333333,n/a,1.0,1967.0,65.0,Back,Dumbbell Row,6 days 00:00:00.000000000,7 days 00:00:00.000000000,Thursday,19,
20,2014-08-15,46.666666666666664,6.8,n/a,1.0,1130.0,35.0,Shoulders,Dumbbell Shoulder Press,1 days 00:00:00.000000000,0 days 00:00:00.000000000,Friday,19,
21,2014-08-17,120.0,13.066666666666666,n/a,1.0,14030.0,80.0,Chest,Flat Dumbbell Bench Press,2 days 00:00:00.000000000,9 days 00:00:00.000000000,Sunday,19,
22,2014-08-18,142.5,12.933333333333334,n/a,1.0,17840.0,95.0,Back,Bent Over Row,1 days 00:00:00.000000000,4 days 00:00:00.000000000,Monday,19,
23,2014-09-03,120.0,13.066666666666666,n/a,1.0,14030.0,80.0,Chest,Flat Dumbbell Bench Press,16 days 00:00:00.000000000,17 days 00:00:00.000000000,Wednesday,19,
24,2014-09-06,142.5,12.933333333333334,n/a,1.0,17840.0,95.0,Back,Bent Over Row,3 days 00:00:00.000000000,19 days 00:00:00.000000000,Saturday,19,
25,2014-10-17,172.5,13.333333333333334,n/a,1.0,11850.0,115.0,Back,Lat Pulldown,41 days 00:00:00.000000000,41 days 00:00:00.000000000,Friday,19,
26,2014-10-18,120.0,14.0,n/a,1.0,5300.0,80.0,Chest,Flat Barbell Bench Press,1 days 00:00:00.000000000,45 days 00:00:00.000000000,Saturday,19,
27,2014-11-30,221.66666666666666,7.3076923076923075,n/a,1.0,6225.0,175.0,Chest,Flat Barbell Bench Press,43 days 00:00:00.000000000,43 days 00:00:00.000000000,Sunday,19,
28,2014-12-18,66.66666666666667,9.4,n/a,1.0,6055.0,50.0,Chest,Flat Dumbbell Bench Press,18 days 00:00:00.000000000,18 days 00:00:00.000000000,Thursday,19,
29,2014-12-19,133.33333333333334,10.0,n/a,1.0,3400.0,100.0,Legs,Dumbbell Calf Raise,1 days 00:00:00.000000000,150 days 00:00:00.000000000,Friday,19,
30,2014-12-20,171.0,6.8,n/a,1.0,3662.0,135.0,Back,Lat Pulldown,1 days 00:00:00.000000000,64 days 00:00:00.000000000,Saturday,19,
31,2014-12-26,180.0,8.045454545454545,n/a,1.0,10583.0,135.0,Chest,Lat Pulldown,6 days 00:00:00.000000000,8 days 00:00:00.000000000,Friday,19,
32,2014-12-27,66.66666666666667,10.0,n/a,1.0,1400.0,50.0,Legs,Dumbbell Lunges,1 days 00:00:00.000000000,8 days 00:00:00.000000000,Saturday,19,
33,2014-12-29,66.66666666666667,10.0,n/a,1.0,1450.0,50.0,Legs,Dumbbell Lunges,2 days 00:00:00.000000000,2 days 00:00:00.000000000,Monday,19,
34,2014-12-30,202.66666666666666,7.615384615384615,n/a,1.0,9014.0,160.0,Chest,Flat Barbell Bench Press,1 days 00:00:00.000000000,4 days 00:00:00.000000000,Tuesday,19,
35,2014-12-31,200.0,7.3,n/a,1.0,4196.0,150.0,Back,Lat Pulldown,1 days 00:00:00.000000000,11 days 00:00:00.000000000,Wednesday,19,
36,2015-01-03,73.33333333333333,10.0,n/a,1.0,1550.0,55.0,Legs,Dumbbell Lunges,3 days 00:00:00.000000000,5 days 00:00:00.000000000,Saturday,20,
37,2015-01-05,80.0,10.0,n/a,1.0,3450.0,60.0,Chest,Flat Dumbbell Bench Press,2 days 00:00:00.000000000,6 days 00:00:00.000000000,Monday,20,
38,2015-01-06,186.66666666666666,9.857142857142858,n/a,1.0,13320.0,140.0,Back,Lat Pulldown,1 days 00:00:00.000000000,6 days 00:00:00.000000000,Tuesday,20,
39,2015-01-09,173.33333333333334,10.0,n/a,1.0,4950.0,130.0,Legs,Deadlift,3 days 00:00:00.000000000,6 days 00:00:00.000000000,Friday,20,
40,2015-01-12,66.66666666666667,10.0,n/a,1.0,1000.0,50.0,Chest,Flat Dumbbell Bench Press,3 days 00:00:00.000000000,7 days 00:00:00.000000000,Monday,20,
41,2015-02-15,66.66666666666667,7.3076923076923075,n/a,1.0,3835.0,50.0,Chest,Flat Dumbbell Bench Press,34 days 00:00:00.000000000,34 days 00:00:00.000000000,Sunday,20,
42,2015-03-03,173.33333333333334,9.0,n/a,1.0,9700.0,130.0,Back,Lat Pulldown,16 days 00:00:00.000000000,56 days 00:00:00.000000000,Tuesday,20,
43,2015-03-15,233.33333333333334,10.0,n/a,1.0,13050.0,175.0,Legs,Hip Abduction,12 days 00:00:00.000000000,65 days 00:00:00.000000000,Sunday,20,
44,2015-03-19,180.0,7.428571428571429,n/a,1.0,4690.0,150.0,Chest,Flat Barbell Bench Press,4 days 00:00:00.000000000,32 days 00:00:00.000000000,Thursday,20,
45,2015-03-21,186.66666666666666,8.333333333333334,n/a,1.0,7285.0,140.0,Back,Lat Pulldown,2 days 00:00:00.000000000,18 days 00:00:00.000000000,Saturday,20,
46,2015-03-24,240.0,10.0,n/a,1.0,14300.0,180.0,Legs,Hip Abduction,3 days 00:00:00.000000000,9 days 00:00:00.000000000,Tuesday,20,
47,2015-03-27,73.33333333333333,7.5,n/a,1.0,2125.0,55.0,Chest,Flat Dumbbell Bench Press,3 days 00:00:00.000000000,8 days 00:00:00.000000000,Friday,20,
48,2015-03-28,200.0,6.923076923076923,n/a,1.0,8103.0,150.0,Back,Lat Pulldown,1 days 00:00:00.000000000,7 days 00:00:00.000000000,Saturday,20,
49,2015-06-20,120.0,10.0,n/a,1.0,6300.0,90.0,Legs,Rope Push Down,84 days 00:00:00.000000000,88 days 00:00:00.000000000,Saturday,20,
50,2015-06-21,46.666666666666664,10.0,n/a,1.0,2600.0,35.0,Shoulders,Dumbbell Curl,1 days 00:00:00.000000000,310 days 00:00:00.000000000,Sunday,20,
51,2015-06-22,186.66666666666666,10.0,n/a,1.0,10550.0,140.0,Chest,Lat Pulldown,1 days 00:00:00.000000000,87 days 00:00:00.000000000,Monday,20,
52,2015-06-24,360.0,10.0,n/a,1.0,12000.0,270.0,Legs,Leg Press,2 days 00:00:00.000000000,4 days 00:00:00.000000000,Wednesday,20,
53,2015-07-24,192.0,8.4,n/a,1.0,10810.0,160.0,Back,Flat Barbell Bench Press,30 days 00:00:00.000000000,118 days 00:00:00.000000000,Friday,20,
54,2015-07-25,160.0,8.578947368421053,n/a,0.8421052631578947,9160.0,120.0,Legs,Dumbbell Calf Raise,1 days 00:00:00.000000000,31 days 00:00:00.000000000,Saturday,20,
55,2015-07-26,200.0,10.0,n/a,1.0,7675.0,150.0,Shoulders,Lat Pulldown,1 days 00:00:00.000000000,35 days 00:00:00.000000000,Sunday,20,
56,2015-07-27,106.66666666666667,7.363636363636363,n/a,1.0,4115.0,80.0,Back,Rope Push Down,1 days 00:00:00.000000000,3 days 00:00:00.000000000,Monday,20,
57,2015-07-29,209.66666666666666,7.75,n/a,1.0,4545.0,185.0,Back,Deadlift,2 days 00:00:00.000000000,2 days 00:00:00.000000000,Wednesday,20,
58,2015-10-17,173.33333333333334,10.0,n/a,1.0,7700.0,130.0,Chest,Lat Pulldown,80 days 00:00:00.000000000,117 days 00:00:00.000000000,Saturday,20,
59,2015-11-01,66.66666666666667,10.0,n/a,1.0,2850.0,50.0,Chest,Flat Dumbbell Bench Press,15 days 00:00:00.000000000,15 days 00:00:00.000000000,Sunday,20,
60,2015-12-22,180.83333333333334,9.095238095238095,n/a,1.0,12065.0,155.0,Chest,Flat Barbell Bench Press,51 days 00:00:00.000000000,51 days 00:00:00.000000000,Tuesday,20,
61,2015-12-23,91.0,10.222222222222221,n/a,1.0,5260.0,65.0,Back,Barbell Row,1 days 00:00:00.000000000,147 days 00:00:00.000000000,Wednesday,20,
62,2015-12-26,133.0,11.2,n/a,1.0,15175.0,95.0,Shoulders,Close Grip Barbell Bench Press,3 days 00:00:00.000000000,153 days 00:00:00.000000000,Saturday,20,
63,2015-12-28,182.0,8.75,n/a,1.0,15080.0,156.0,Legs,Deadlift,2 days 00:00:00.000000000,156 days 00:00:00.000000000,Monday,20,
64,2015-12-30,192.5,9.294117647058824,n/a,1.0,12050.0,165.0,Chest,Flat Barbell Bench Press,2 days 00:00:00.000000000,8 days 00:00:00.000000000,Wednesday,20,
65,2016-01-02,259.0,10.916666666666666,n/a,1.0,22080.0,185.0,Back,Seated Back Extension,3 days 00:00:00.000000000,10 days 00:00:00.000000000,Saturday,21,
66,2016-01-04,147.0,10.387096774193548,n/a,1.0,19227.5,105.0,Chest,Close Grip Barbell Bench Press,2 days 00:00:00.000000000,5 days 00:00:00.000000000,Monday,21,
67,2016-01-05,196.33333333333334,9.5,n/a,1.0,16265.0,165.0,Legs,Barbell Squat,1 days 00:00:00.000000000,8 days 00:00:00.000000000,Tuesday,21,
68,2016-01-10,204.16666666666666,10.058823529411764,n/a,1.0,13285.0,175.0,Chest,Flat Barbell Bench Press,5 days 00:00:00.000000000,6 days 00:00:00.000000000,Sunday,21,
69,2016-01-11,266.0,9.96551724137931,n/a,0.9655172413793104,22431.0,190.0,Back,Seated Back Extension,1 days 00:00:00.000000000,9 days 00:00:00.000000000,Monday,21,
70,2016-01-14,0.0,1.0,n/a,0.0,0.0,0.0,Abs,The Choi Ab Routine,3 days 00:00:00.000000000,0 days 00:00:00.000000000,Thursday,21,
71,2016-01-21,154.0,10.0,n/a,1.0,9300.0,110.0,Shoulders,Barbell Shrug,7 days 00:00:00.000000000,26 days 00:00:00.000000000,Thursday,21,
72,2016-02-04,198.33333333333334,8.88888888888889,n/a,1.0,13650.0,170.0,Chest,Flat Barbell Bench Press,14 days 00:00:00.000000000,25 days 00:00:00.000000000,Thursday,21,
73,2016-02-09,196.0,8.071428571428571,n/a,1.0,10687.5,140.0,Back,Lat Pulldown,5 days 00:00:00.000000000,29 days 00:00:00.000000000,Tuesday,21,
74,2016-02-16,192.5,12.75,n/a,0.75,14480.0,165.0,Legs,Deadlift,7 days 00:00:00.000000000,42 days 00:00:00.000000000,Tuesday,21,
75,2016-02-18,154.0,8.625,n/a,1.0,11812.0,110.0,Shoulders,Barbell Shrug,2 days 00:00:00.000000000,28 days 00:00:00.000000000,Thursday,21,
76,2016-03-15,210.0,5.0,n/a,1.0,5850.0,180.0,Chest,Flat Barbell Bench Press,26 days 00:00:00.000000000,40 days 00:00:00.000000000,Tuesday,21,
77,2016-03-16,97.5,5.333333333333333,n/a,1.0,2915.0,75.0,Back,Barbell Curl,1 days 00:00:00.000000000,36 days 00:00:00.000000000,Wednesday,21,
78,2016-03-22,215.83333333333334,5.0,n/a,1.0,6075.0,185.0,Legs,Barbell Squat,6 days 00:00:00.000000000,35 days 00:00:00.000000000,Tuesday,21,
79,2016-03-24,239.16666666666666,4.111111111111111,n/a,1.0,6245.0,205.0,Chest,Flat Barbell Bench Press,2 days 00:00:00.000000000,9 days 00:00:00.000000000,Thursday,21,
80,2016-03-31,196.0,7.4,n/a,1.0,5420.0,140.0,Back,Lat Pulldown,7 days 00:00:00.000000000,15 days 00:00:00.000000000,Thursday,21,224.0
81,2016-04-01,120.33333333333333,8.6,n/a,1.0,6707.0,95.0,Chest,Overhead Press,1 days 00:00:00.000000000,8 days 00:00:00.000000000,Friday,21,224.0
82,2016-04-05,240.0,10.833333333333334,n/a,1.0,24300.0,190.0,Legs,Barbell Squat,4 days 00:00:00.000000000,14 days 00:00:00.000000000,Tuesday,21,224.0
83,2016-04-12,221.66666666666666,8.642857142857142,n/a,1.0,9815.0,190.0,Chest,Flat Barbell Bench Press,7 days 00:00:00.000000000,11 days 00:00:00.000000000,Tuesday,21,224.0
84,2016-04-13,210.0,5.958333333333333,n/a,1.0,13690.0,150.0,Back,Lat Pulldown,1 days 00:00:00.000000000,13 days 00:00:00.000000000,Wednesday,21,224.0
85,2016-04-15,246.66666666666666,11.647058823529411,n/a,1.0,26055.0,200.0,Legs,Barbell Squat,2 days 00:00:00.000000000,10 days 00:00:00.000000000,Friday,21,224.0
86,2016-04-16,168.0,8.944444444444445,n/a,1.0,12940.0,120.0,Chest,Overhead Press,1 days 00:00:00.000000000,4 days 00:00:00.000000000,Saturday,21,224.0
87,2016-04-19,260.0,11.0,n/a,1.0,27830.0,205.0,Legs,Barbell Squat,3 days 00:00:00.000000000,4 days 00:00:00.000000000,Tuesday,21,224.0
88,2016-04-22,227.5,7.3,n/a,1.0,8155.0,195.0,Chest,Flat Barbell Bench Press,3 days 00:00:00.000000000,6 days 00:00:00.000000000,Friday,21,224.0
89,2016-04-23,210.0,8.222222222222221,n/a,1.0,7490.0,150.0,Back,Lat Pulldown,1 days 00:00:00.000000000,10 days 00:00:00.000000000,Saturday,21,224.0
90,2016-04-24,152.0,8.0,n/a,1.0,4440.0,120.0,Shoulders,Overhead Press,1 days 00:00:00.000000000,66 days 00:00:00.000000000,Sunday,21,224.0
91,2016-05-03,266.6666666666667,11.0,n/a,1.0,28755.0,210.0,Legs,Barbell Squat,9 days 00:00:00.000000000,14 days 00:00:00.000000000,Tuesday,21,224.0
92,2016-05-16,250.83333333333334,11.125,n/a,1.0,24230.0,215.0,Legs,Barbell Squat,13 days 00:00:00.000000000,13 days 00:00:00.000000000,Monday,21,224.0
93,2016-05-17,233.33333333333334,8.666666666666666,n/a,1.0,14815.0,200.0,Chest,Flat Barbell Bench Press,1 days 00:00:00.000000000,25 days 00:00:00.000000000,Tuesday,21,224.0
94,2016-05-18,217.0,9.090909090909092,n/a,1.0,17315.0,155.0,Back,Lat Pulldown,1 days 00:00:00.000000000,25 days 00:00:00.000000000,Wednesday,21,224.0
95,2016-05-20,120.33333333333333,9.25,n/a,1.0,4630.0,95.0,Shoulders,Overhead Press,2 days 00:00:00.000000000,26 days 00:00:00.000000000,Friday,21,224.0
96,2016-05-24,239.16666666666666,8.4,n/a,1.0,14190.0,205.0,Chest,Flat Barbell Bench Press,4 days 00:00:00.000000000,7 days 00:00:00.000000000,Tuesday,21,224.0
97,2016-05-25,256.6666666666667,10.9375,n/a,1.0,24600.0,220.0,Legs,Barbell Squat,1 days 00:00:00.000000000,9 days 00:00:00.000000000,Wednesday,21,224.0
98,2016-06-01,206.66666666666666,9.857142857142858,n/a,1.0,18010.0,155.0,Back,Lat Pulldown,7 days 00:00:00.000000000,14 days 00:00:00.000000000,Wednesday,21,224.0
99,2016-06-04,245.0,8.125,n/a,1.0,13895.0,210.0,Chest,Flat Barbell Bench Press,3 days 00:00:00.000000000,11 days 00:00:00.000000000,Saturday,21,224.0
100,2016-06-06,189.0,12.0,n/a,1.0,21000.0,135.0,Chest,Barbell Shrug,2 days 00:00:00.000000000,2 days 00:00:00.000000000,Monday,21,224.0
101,2016-06-08,262.5,10.947368421052632,n/a,1.0,29530.0,225.0,Legs,Barbell Squat,2 days 00:00:00.000000000,14 days 00:00:00.000000000,Wednesday,21,224.0
102,2016-06-10,202.66666666666666,9.65,n/a,1.0,17010.0,160.0,Back,Lat Pulldown,2 days 00:00:00.000000000,9 days 00:00:00.000000000,Friday,21,224.0
103,2016-06-11,250.83333333333334,5.0,n/a,1.0,3450.0,215.0,Chest,Flat Barbell Bench Press,1 days 00:00:00.000000000,5 days 00:00:00.000000000,Saturday,21,223.0
104,2016-06-13,107.66666666666667,9.846153846153847,n/a,1.0,7040.0,85.0,Chest,Overhead Press,2 days 00:00:00.000000000,2 days 00:00:00.000000000,Monday,21,223.0
105,2016-06-16,268.3333333333333,10.523809523809524,n/a,1.0,33170.0,230.0,Legs,Barbell Squat,3 days 00:00:00.000000000,8 days 00:00:00.000000000,Thursday,21,223.0
106,2016-06-18,250.83333333333334,8.0,n/a,1.0,18685.0,215.0,Chest,Flat Barbell Bench Press,2 days 00:00:00.000000000,5 days 00:00:00.000000000,Saturday,21,223.0
107,2016-06-22,209.0,7.958333333333333,n/a,1.0,20630.0,165.0,Chest,Close Grip Barbell Bench Press,4 days 00:00:00.000000000,4 days 00:00:00.000000000,Wednesday,21,223.0
108,2016-06-23,213.33333333333334,9.8,n/a,1.0,11930.0,160.0,Back,Lat Pulldown,1 days 00:00:00.000000000,13 days 00:00:00.000000000,Thursday,21,223.0
109,2016-06-24,282.0,4.875,n/a,1.0,8325.0,235.0,Legs,Barbell Squat,1 days 00:00:00.000000000,8 days 00:00:00.000000000,Friday,21,223.0
110,2016-06-25,268.3333333333333,5.695652173913044,n/a,1.0,23130.0,230.0,Chest,Deadlift,1 days 00:00:00.000000000,3 days 00:00:00.000000000,Saturday,21,223.0
111,2016-06-29,120.0,12.75,n/a,1.0,17040.0,80.0,Chest,Close Grip Barbell Bench Press,4 days 00:00:00.000000000,4 days 00:00:00.000000000,Wednesday,21,220.0
112,2016-06-30,220.0,14.62962962962963,n/a,1.0,38750.0,120.0,Legs,Dumbbell Calf Raise,1 days 00:00:00.000000000,6 days 00:00:00.000000000,Thursday,21,220.0
113,2016-07-01,119.0,13.333333333333334,n/a,1.0,18400.0,85.0,Back,Lat Pulldown,1 days 00:00:00.000000000,8 days 00:00:00.000000000,Friday,21,220.0
114,2016-07-02,157.5,11.818181818181818,n/a,1.0,11675.0,135.0,Chest,Flat Barbell Bench Press,1 days 00:00:00.000000000,3 days 00:00:00.000000000,Saturday,21,220.0
115,2016-07-04,203.5,4.529411764705882,n/a,1.0,9700.0,165.0,Shoulders,Close Grip Barbell Bench Press,2 days 00:00:00.000000000,45 days 00:00:00.000000000,Monday,21,219.0
116,2016-07-05,280.0,9.096774193548388,n/a,1.0,45100.0,240.0,Legs,Barbell Squat,1 days 00:00:00.000000000,5 days 00:00:00.000000000,Tuesday,21,219.0
117,2016-07-06,220.0,7.884615384615385,n/a,1.0,21535.0,165.0,Back,Lat Pulldown,1 days 00:00:00.000000000,5 days 00:00:00.000000000,Wednesday,21,219.0
118,2016-07-09,262.5,3.1538461538461537,n/a,1.0,7685.0,225.0,Chest,Flat Barbell Bench Press,3 days 00:00:00.000000000,7 days 00:00:00.000000000,Saturday,21,219.0
119,2016-07-11,203.0,8.962962962962964,n/a,1.0,22130.0,145.0,Shoulders,Barbell Shrug,2 days 00:00:00.000000000,7 days 00:00:00.000000000,Monday,21,218.0
120,2016-07-14,285.8333333333333,8.631578947368421,n/a,1.0,31745.0,245.0,Legs,Barbell Squat,3 days 00:00:00.000000000,9 days 00:00:00.000000000,Thursday,21,218.0
121,2016-07-15,166.66666666666666,7.142857142857143,n/a,1.0,10400.0,125.0,Back,Seated Cable Row,1 days 00:00:00.000000000,9 days 00:00:00.000000000,Friday,21,218.0
122,2016-07-16,262.5,9.136363636363637,n/a,1.0,21735.0,225.0,Chest,Flat Barbell Bench Press,1 days 00:00:00.000000000,7 days 00:00:00.000000000,Saturday,21,218.0
123,2016-07-18,152.0,5.111111111111111,n/a,1.0,4965.0,130.0,Shoulders,Overhead Press,2 days 00:00:00.000000000,7 days 00:00:00.000000000,Monday,21,218.4
124,2016-07-19,300.0,9.620689655172415,n/a,1.0,47890.0,250.0,Legs,Barbell Squat,1 days 00:00:00.000000000,5 days 00:00:00.000000000,Tuesday,21,218.4
125,2016-07-22,33.333333333333336,20.0,n/a,1.0,4000.0,20.0,Forearms,Forearm Curls,3 days 00:00:00.000000000,0 days 00:00:00.000000000,Friday,21,218.4
126,2016-07-25,316.6666666666667,9.137931034482758,n/a,1.0,47425.0,255.0,Legs,Barbell Squat,3 days 00:00:00.000000000,6 days 00:00:00.000000000,Monday,21,215.5
127,2016-07-27,210.0,8.0,n/a,1.0,12760.0,150.0,Shoulders,Barbell Shrug,2 days 00:00:00.000000000,9 days 00:00:00.000000000,Wednesday,21,215.5
128,2016-07-28,41.66666666666667,20.0,n/a,1.0,2500.0,25.0,Forearms,Forearm Curls,1 days 00:00:00.000000000,6 days 00:00:00.000000000,Thursday,21,215.5
129,2016-08-02,325.0,9.1,n/a,1.0,50255.0,265.0,Legs,Deadlift,5 days 00:00:00.000000000,8 days 00:00:00.000000000,Tuesday,21,213.8
130,2016-08-03,180.0,10.476190476190476,n/a,1.0,10625.0,135.0,Back,Seated Cable Row,1 days 00:00:00.000000000,19 days 00:00:00.000000000,Wednesday,21,213.8
131,2016-08-06,233.33333333333334,5.0,n/a,1.0,7375.0,200.0,Chest,Flat Barbell Bench Press,3 days 00:00:00.000000000,21 days 00:00:00.000000000,Saturday,21,214.0
132,2016-08-08,217.0,9.533333333333333,n/a,1.0,18755.0,155.0,Shoulders,Barbell Shrug,2 days 00:00:00.000000000,12 days 00:00:00.000000000,Monday,21,214.0
133,2016-08-09,333.33333333333337,10.181818181818182,n/a,1.0,41240.0,265.0,Legs,Barbell Squat,1 days 00:00:00.000000000,7 days 00:00:00.000000000,Tuesday,21,214.0
134,2016-08-10,154.0,10.842105263157896,n/a,1.0,8910.0,110.0,Back,Rear Delt Machine Fly,1 days 00:00:00.000000000,7 days 00:00:00.000000000,Wednesday,21,214.0
135,2016-08-12,239.16666666666666,9.791666666666666,n/a,1.0,22665.0,205.0,Chest,Flat Barbell Bench Press,2 days 00:00:00.000000000,6 days 00:00:00.000000000,Friday,21,212.0
136,2016-08-15,341.66666666666663,10.571428571428571,n/a,1.0,41830.0,265.0,Legs,Barbell Squat,3 days 00:00:00.000000000,6 days 00:00:00.000000000,Monday,21,212.0
137,2016-08-16,224.0,8.8,n/a,1.0,12210.0,160.0,Shoulders,Barbell Shrug,1 days 00:00:00.000000000,8 days 00:00:00.000000000,Tuesday,21,212.0
138,2016-08-17,161.0,7.571428571428571,n/a,1.0,5665.0,115.0,Back,Rear Delt Machine Fly,1 days 00:00:00.000000000,7 days 00:00:00.000000000,Wednesday,21,212.0
139,2016-08-22,245.0,8.9,n/a,1.0,19535.0,210.0,Chest,Flat Barbell Bench Press,5 days 00:00:00.000000000,10 days 00:00:00.000000000,Monday,21,213.0
140,2016-08-24,350.0,10.275862068965518,n/a,1.0,47500.0,270.0,Legs,Barbell Squat,2 days 00:00:00.000000000,9 days 00:00:00.000000000,Wednesday,21,213.0
141,2016-08-25,231.0,8.352941176470589,n/a,1.0,19510.0,165.0,Shoulders,Barbell Shrug,1 days 00:00:00.000000000,9 days 00:00:00.000000000,Thursday,21,213.0
142,2016-08-27,250.83333333333334,5.666666666666667,n/a,1.0,8580.0,215.0,Chest,Flat Barbell Bench Press,2 days 00:00:00.000000000,5 days 00:00:00.000000000,Saturday,21,207.5
143,2016-08-30,164.66666666666666,6.083333333333333,n/a,1.0,4329.0,130.0,Shoulders,Overhead Press,3 days 00:00:00.000000000,5 days 00:00:00.000000000,Tuesday,21,207.5
144,2016-09-01,358.33333333333337,10.428571428571429,n/a,1.0,32150.0,275.0,Legs,Barbell Squat,2 days 00:00:00.000000000,8 days 00:00:00.000000000,Thursday,21,207.5
145,2016-09-02,250.83333333333334,8.142857142857142,n/a,1.0,11785.0,215.0,Chest,Flat Barbell Bench Press,1 days 00:00:00.000000000,6 days 00:00:00.000000000,Friday,21,207.5
146,2016-09-05,164.66666666666666,7.2727272727272725,n/a,1.0,5284.0,130.0,Shoulders,Overhead Press,3 days 00:00:00.000000000,6 days 00:00:00.000000000,Monday,21,211.5
147,2016-09-07,375.0,10.217391304347826,n/a,1.0,36235.0,280.0,Legs,Barbell Squat,2 days 00:00:00.000000000,6 days 00:00:00.000000000,Wednesday,21,211.5
148,2016-09-10,256.6666666666667,6.92,n/a,1.0,12310.0,220.0,Chest,Flat Barbell Bench Press,3 days 00:00:00.000000000,8 days 00:00:00.000000000,Saturday,21,211.5
149,2016-09-12,171.0,7.833333333333333,n/a,1.0,6415.0,135.0,Shoulders,Overhead Press,2 days 00:00:00.000000000,7 days 00:00:00.000000000,Monday,21,204.5
150,2016-09-15,383.33333333333337,10.772727272727273,n/a,1.0,36158.0,285.0,Legs,Barbell Squat,3 days 00:00:00.000000000,8 days 00:00:00.000000000,Thursday,21,204.5
151,2016-09-19,171.0,7.666666666666667,n/a,1.0,6792.0,135.0,Shoulders,Overhead Press,4 days 00:00:00.000000000,7 days 00:00:00.000000000,Monday,21,204.5
152,2016-09-20,391.66666666666663,10.909090909090908,n/a,1.0,37006.0,285.0,Legs,Barbell Squat,1 days 00:00:00.000000000,5 days 00:00:00.000000000,Tuesday,21,204.5
153,2016-09-26,171.0,7.944444444444445,n/a,1.0,7027.0,135.0,Shoulders,Overhead Press,6 days 00:00:00.000000000,7 days 00:00:00.000000000,Monday,21,202.2
154,2016-09-30,348.0,7.714285714285714,n/a,1.0,16120.0,290.0,Legs,Barbell Squat,4 days 00:00:00.000000000,10 days 00:00:00.000000000,Friday,21,202.2
155,2016-10-01,66.66666666666667,10.714285714285714,n/a,1.0,3120.0,50.0,Back,Dumbbell Hammer Curl,1 days 00:00:00.000000000,45 days 00:00:00.000000000,Saturday,21,202.2
156,2016-10-06,259.6666666666667,9.333333333333334,n/a,1.0,8550.0,205.0,Abs,Barbell Squat,5 days 00:00:00.000000000,266 days 00:00:00.000000000,Thursday,21,202.0
157,2016-10-17,26.666666666666668,8.333333333333334,n/a,1.0,620.0,20.0,Shoulders,Standing Rear Delt Dumbbell Raise,11 days 00:00:00.000000000,21 days 00:00:00.000000000,Monday,21,200.5
158,2016-10-21,285.8333333333333,4.625,n/a,1.0,8525.0,245.0,Legs,Barbell Squat,4 days 00:00:00.000000000,21 days 00:00:00.000000000,Friday,21,200.5
159,2016-10-22,215.83333333333334,5.25,n/a,1.0,7530.0,185.0,Chest,Flat Barbell Bench Press,1 days 00:00:00.000000000,42 days 00:00:00.000000000,Saturday,21,200.5
160,2016-10-24,33.333333333333336,9.166666666666666,n/a,1.0,775.0,25.0,Shoulders,Standing Rear Delt Dumbbell Raise,2 days 00:00:00.000000000,7 days 00:00:00.000000000,Monday,21,199.5
161,2016-10-28,285.8333333333333,6.6,n/a,1.0,9040.0,245.0,Legs,Barbell Squat,4 days 00:00:00.000000000,7 days 00:00:00.000000000,Friday,21,199.5
162,2016-10-31,73.33333333333333,9.5,n/a,1.0,1627.0,55.0,Back,Dumbbell Row,3 days 00:00:00.000000000,30 days 00:00:00.000000000,Monday,21,196.0
163,2016-11-05,262.5,4.5,n/a,1.0,3340.0,225.0,Legs,Barbell Squat,5 days 00:00:00.000000000,8 days 00:00:00.000000000,Saturday,21,196.0
164,2016-11-11,1.5666666666666667,9.0,n/a,1.0,27.0,1.0,Back,Pull Up,6 days 00:00:00.000000000,11 days 00:00:00.000000000,Friday,21,195.3
165,2016-11-28,93.33333333333333,10.75,n/a,1.0,2919.0,70.0,Back,Lat Pulldown,17 days 00:00:00.000000000,17 days 00:00:00.000000000,Monday,21,193.6
166,2016-12-03,66.66666666666667,10.0,n/a,1.0,3750.0,50.0,Back,Seated Cable Row Squeezes,5 days 00:00:00.000000000,5 days 00:00:00.000000000,Saturday,21,193.6
167,2016-12-06,4.0,10.0,n/a,0.5,180.0,3.0,Back,Straight Shoulder Retractiom On Swiss Ball,3 days 00:00:00.000000000,3 days 00:00:00.000000000,Tuesday,21,191.0
168,2016-12-08,106.66666666666667,11.333333333333334,n/a,1.0,3426.0,80.0,Back,Lat Pulldown,2 days 00:00:00.000000000,2 days 00:00:00.000000000,Thursday,21,191.0
169,2016-12-11,80.0,10.0,n/a,1.0,4350.0,60.0,Back,Seated Cable Row Squeezes,3 days 00:00:00.000000000,3 days 00:00:00.000000000,Sunday,21,191.0
170,2016-12-13,4.0,10.0,n/a,0.5,180.0,3.0,Back,Straight Shoulder Retractiom On Swiss Ball,2 days 00:00:00.000000000,2 days 00:00:00.000000000,Tuesday,21,191.6
171,2016-12-17,106.66666666666667,11.916666666666666,n/a,1.0,3533.0,80.0,Back,Lat Pulldown,4 days 00:00:00.000000000,4 days 00:00:00.000000000,Saturday,21,191.6
172,2016-12-28,6.666666666666667,10.0,n/a,0.5,300.0,5.0,Back,Straight Shoulder Retractiom On Swiss Ball,11 days 00:00:00.000000000,11 days 00:00:00.000000000,Wednesday,21,189.8
173,2016-12-30,90.0,10.0,n/a,1.0,4875.0,67.5,Back,Seated Cable Row Squeezes,2 days 00:00:00.000000000,2 days 00:00:00.000000000,Friday,21,189.8
174,2017-01-02,113.33333333333333,12.25,n/a,1.0,3762.0,85.0,Back,Lat Pulldown,3 days 00:00:00.000000000,3 days 00:00:00.000000000,Monday,22,187.8
175,2017-01-04,8.0,10.0,n/a,0.5,350.0,6.0,Back,Straight Shoulder Retractiom On Swiss Ball,2 days 00:00:00.000000000,2 days 00:00:00.000000000,Wednesday,22,187.8
176,2017-01-23,82.33333333333333,9.0,n/a,1.0,4790.0,65.0,Chest,Flat Dumbbell Bench Press,19 days 00:00:00.000000000,93 days 00:00:00.000000000,Monday,22,186.0
177,2017-01-25,50.666666666666664,6.421052631578948,n/a,1.0,2615.0,40.0,Back,Reverse Cable Curl,2 days 00:00:00.000000000,21 days 00:00:00.000000000,Wednesday,22,186.0
178,2017-01-28,105.0,8.666666666666666,n/a,1.0,5520.0,75.0,Legs,Oblique Curls,3 days 00:00:00.000000000,84 days 00:00:00.000000000,Saturday,22,186.0
179,2017-01-30,82.33333333333333,8.666666666666666,n/a,1.0,6022.0,65.0,Chest,Flat Dumbbell Bench Press,2 days 00:00:00.000000000,7 days 00:00:00.000000000,Monday,22,186.0
180,2017-02-02,40.833333333333336,6.125,n/a,1.0,1980.0,35.0,Back,Dumbbell Hammer Curl,3 days 00:00:00.000000000,8 days 00:00:00.000000000,Thursday,22,186.0
181,2017-02-04,97.5,8.25,n/a,1.0,5505.0,75.0,Legs,Oblique Curls,2 days 00:00:00.000000000,7 days 00:00:00.000000000,Saturday,22,186.0
182,2017-02-06,88.66666666666667,8.133333333333333,n/a,1.0,6510.0,70.0,Chest,Flat Dumbbell Bench Press,2 days 00:00:00.000000000,7 days 00:00:00.000000000,Monday,22,188.9
183,2017-02-09,173.33333333333334,7.076923076923077,n/a,1.0,7735.0,130.0,Back,Lat Pulldown,3 days 00:00:00.000000000,7 days 00:00:00.000000000,Thursday,22,188.9
184,2017-02-11,100.0,8.5,n/a,1.0,6090.0,75.0,Legs,Oblique Curls,2 days 00:00:00.000000000,7 days 00:00:00.000000000,Saturday,22,188.9
185,2017-02-14,63.0,12.0,n/a,1.0,5220.0,45.0,Chest,Flat Dumbbell Bench Press,3 days 00:00:00.000000000,8 days 00:00:00.000000000,Tuesday,22,189.2
186,2017-02-20,112.0,10.461538461538462,n/a,1.0,6344.0,80.0,Back,Lat Pulldown,6 days 00:00:00.000000000,11 days 00:00:00.000000000,Monday,22,188.5
187,2017-02-25,105.0,9.142857142857142,n/a,1.0,4440.0,75.0,Legs,Oblique Curls,5 days 00:00:00.000000000,14 days 00:00:00.000000000,Saturday,22,188.5
188,2017-03-01,95.0,8.23076923076923,n/a,1.0,6525.0,75.0,Chest,Flat Dumbbell Bench Press,4 days 00:00:00.000000000,15 days 00:00:00.000000000,Wednesday,22,188.0
189,2017-03-07,173.33333333333334,7.076923076923077,n/a,1.0,7735.0,130.0,Back,Lat Pulldown,6 days 00:00:00.000000000,15 days 00:00:00.000000000,Tuesday,22,188.9
190,2017-03-13,105.0,8.923076923076923,n/a,1.0,6820.0,75.0,Legs,Oblique Curls,6 days 00:00:00.000000000,16 days 00:00:00.000000000,Monday,22,188.9
191,2017-03-15,95.0,9.7,n/a,1.0,4625.0,75.0,Back,Flat Dumbbell Bench Press,2 days 00:00:00.000000000,8 days 00:00:00.000000000,Wednesday,22,188.9
192,2017-03-17,177.33333333333334,7.0,n/a,1.0,7450.0,140.0,Back,Lat Pulldown,2 days 00:00:00.000000000,2 days 00:00:00.000000000,Friday,22,188.9
193,2017-03-20,95.0,7.5,n/a,1.0,4080.0,75.0,Legs,Oblique Curls,3 days 00:00:00.000000000,7 days 00:00:00.000000000,Monday,22,190.3
194,2017-03-22,95.0,8.0,n/a,1.0,8000.0,75.0,Chest,Flat Dumbbell Bench Press,2 days 00:00:00.000000000,21 days 00:00:00.000000000,Wednesday,22,190.3
195,2017-03-24,190.0,7.357142857142857,n/a,1.0,8350.0,150.0,Back,Lat Pulldown,2 days 00:00:00.000000000,7 days 00:00:00.000000000,Friday,22,190.9
196,2017-04-03,375.0,8.833333333333334,n/a,1.0,23045.0,225.0,Legs,Barbell Squat,10 days 00:00:00.000000000,14 days 00:00:00.000000000,Monday,22,189.0
197,2017-04-07,215.83333333333334,7.3,n/a,0.6,9120.0,185.0,Chest,Flat Barbell Bench Press,4 days 00:00:00.000000000,16 days 00:00:00.000000000,Friday,22,189.0
198,2017-04-09,52.5,6.190476190476191,n/a,1.0,2465.0,45.0,Back,Decline Dumbbell Curls,2 days 00:00:00.000000000,16 days 00:00:00.000000000,Sunday,22,189.0
199,2017-04-14,221.66666666666666,6.6,n/a,1.0,10525.0,190.0,Chest,Flat Barbell Bench Press,5 days 00:00:00.000000000,7 days 00:00:00.000000000,Friday,22,188.7
200,2017-04-19,40.833333333333336,7.0,n/a,1.0,2805.0,35.0,Back,Decline Dumbbell Curls,5 days 00:00:00.000000000,10 days 00:00:00.000000000,Wednesday,22,189.6
201,2017-04-22,227.5,4.285714285714286,n/a,1.0,5630.0,195.0,Chest,Flat Barbell Bench Press,3 days 00:00:00.000000000,8 days 00:00:00.000000000,Saturday,22,189.6
202,2017-04-29,177.33333333333334,7.0,n/a,1.0,6220.0,140.0,Back,Lat Pulldown Pronated,7 days 00:00:00.000000000,10 days 00:00:00.000000000,Saturday,22,186.3
203,2017-05-01,233.33333333333334,7.043478260869565,n/a,1.0,19595.0,200.0,Chest,Flat Barbell Bench Press,2 days 00:00:00.000000000,9 days 00:00:00.000000000,Monday,22,186.3
204,2017-05-09,190.0,7.1,n/a,1.0,6455.0,150.0,Back,Lat Pulldown Pronated,8 days 00:00:00.000000000,10 days 00:00:00.000000000,Tuesday,22,191.0
205,2017-05-13,239.16666666666666,8.208333333333334,n/a,1.0,21135.0,205.0,Chest,Flat Barbell Bench Press,4 days 00:00:00.000000000,12 days 00:00:00.000000000,Saturday,22,190.9
206,2017-05-18,190.0,7.65,n/a,1.0,6950.0,150.0,Back,Lat Pulldown Pronated,5 days 00:00:00.000000000,9 days 00:00:00.000000000,Thursday,22,189.6
207,2017-05-20,239.16666666666666,6.333333333333333,n/a,1.0,12490.0,205.0,Chest,Flat Barbell Bench Press,2 days 00:00:00.000000000,7 days 00:00:00.000000000,Saturday,22,189.6
208,2017-05-31,233.33333333333334,7.055555555555555,n/a,1.0,12740.0,200.0,Chest,Flat Barbell Bench Press,11 days 00:00:00.000000000,11 days 00:00:00.000000000,Wednesday,22,193.8
209,2017-06-02,202.66666666666666,8.052631578947368,n/a,1.0,7310.0,160.0,Back,Lat Pulldown Pronated,2 days 00:00:00.000000000,15 days 00:00:00.000000000,Friday,22,193.8
210,2017-06-15,150.0,20.0,n/a,1.0,9000.0,90.0,Legs,Seated Calf Raise Machine,13 days 00:00:00.000000000,73 days 00:00:00.000000000,Thursday,22,188.8
211,2017-06-17,240.0,6.277777777777778,n/a,1.0,11835.0,225.0,Chest,Flat Barbell Bench Press,2 days 00:00:00.000000000,17 days 00:00:00.000000000,Saturday,22,188.8
212,2017-06-19,205.83333333333334,7.526315789473684,n/a,1.0,7590.0,162.5,Back,Lat Pulldown Pronated,2 days 00:00:00.000000000,17 days 00:00:00.000000000,Monday,22,188.8
213,2017-06-28,245.0,6.181818181818182,n/a,1.0,9440.0,210.0,Chest,Flat Barbell Bench Press,9 days 00:00:00.000000000,11 days 00:00:00.000000000,Wednesday,22,189.8
214,2017-06-30,219.76666666666665,8.1875,n/a,1.0,7164.0,173.5,Back,Lat Pulldown Pronated,2 days 00:00:00.000000000,11 days 00:00:00.000000000,Friday,22,189.8
215,2017-07-07,245.0,6.153846153846154,n/a,1.0,11230.0,210.0,Chest,Flat Barbell Bench Press,7 days 00:00:00.000000000,9 days 00:00:00.000000000,Friday,22,188.6
216,2017-07-10,58.333333333333336,8.23076923076923,n/a,1.0,3120.0,50.0,Back,Chin Up,3 days 00:00:00.000000000,10 days 00:00:00.000000000,Monday,22,188.6
217,2017-07-17,250.83333333333334,6.153846153846154,n/a,1.0,11520.0,215.0,Chest,Flat Barbell Bench Press,7 days 00:00:00.000000000,10 days 00:00:00.000000000,Monday,22,188.2
218,2017-07-24,228.0,7.823529411764706,n/a,1.0,7635.0,180.0,Back,Lat Pulldown Pronated,7 days 00:00:00.000000000,14 days 00:00:00.000000000,Monday,22,187.6
219,2017-07-26,224.0,12.0,n/a,1.0,16620.0,160.0,Chest,Seated Machine Fly,2 days 00:00:00.000000000,9 days 00:00:00.000000000,Wednesday,22,187.6
220,2017-08-01,52.5,7.625,n/a,1.0,2965.0,45.0,Back,Pull Up,6 days 00:00:00.000000000,8 days 00:00:00.000000000,Tuesday,22,187.6
221,2017-08-04,245.0,5.714285714285714,n/a,1.0,11865.0,210.0,Chest,Flat Barbell Bench Press,3 days 00:00:00.000000000,9 days 00:00:00.000000000,Friday,22,189.8
222,2017-08-07,58.333333333333336,7.823529411764706,n/a,1.0,3437.5,50.0,Shoulders,Pull Up,3 days 00:00:00.000000000,287 days 00:00:00.000000000,Monday,22,189.8
223,2017-08-09,250.83333333333334,5.133333333333334,n/a,1.0,11620.0,215.0,Chest,Flat Barbell Bench Press,2 days 00:00:00.000000000,5 days 00:00:00.000000000,Wednesday,22,189.8
224,2017-08-14,64.16666666666667,8.0,n/a,1.0,3500.0,55.0,Back,Pull Up,5 days 00:00:00.000000000,13 days 00:00:00.000000000,Monday,22,188.4
225,2017-08-17,250.83333333333334,8.75,n/a,1.0,20990.0,215.0,Chest,Flat Barbell Bench Press,3 days 00:00:00.000000000,8 days 00:00:00.000000000,Thursday,22,188.4
226,2017-09-11,215.83333333333334,6.571428571428571,n/a,1.0,13710.0,185.0,Chest,Flat Barbell Bench Press,25 days 00:00:00.000000000,25 days 00:00:00.000000000,Monday,22,189.8
227,2017-09-13,52.5,8.23076923076923,n/a,1.0,2635.0,45.0,Back,Pull Up,2 days 00:00:00.000000000,30 days 00:00:00.000000000,Wednesday,22,189.8
228,2017-09-14,50.666666666666664,8.0,n/a,1.0,1640.0,40.0,Legs,One-Legged Dumbbell Deadlift,1 days 00:00:00.000000000,91 days 00:00:00.000000000,Thursday,22,189.8
229,2017-09-18,215.83333333333334,6.769230769230769,n/a,1.0,13710.0,185.0,Chest,Flat Barbell Bench Press,4 days 00:00:00.000000000,7 days 00:00:00.000000000,Monday,22,189.8
230,2017-09-20,58.333333333333336,8.23076923076923,n/a,1.0,2760.0,50.0,Back,Pull Up,2 days 00:00:00.000000000,7 days 00:00:00.000000000,Wednesday,22,189.8
231,2017-09-27,57.0,8.0,n/a,1.0,2448.0,45.0,Legs,One-Legged Dumbbell Deadlift,7 days 00:00:00.000000000,13 days 00:00:00.000000000,Wednesday,22,189.8
232,2017-09-28,58.333333333333336,5.533333333333333,n/a,1.0,2780.0,50.0,Back,Pull Up,1 days 00:00:00.000000000,8 days 00:00:00.000000000,Thursday,22,189.8
233,2017-09-29,221.66666666666666,7.222222222222222,n/a,1.0,15310.0,190.0,Chest,Flat Barbell Bench Press,1 days 00:00:00.000000000,11 days 00:00:00.000000000,Friday,22,189.8
234,2017-10-04,64.16666666666667,6.923076923076923,n/a,1.0,3230.0,55.0,Back,Pull Up,5 days 00:00:00.000000000,6 days 00:00:00.000000000,Wednesday,22,189.8
235,2017-10-05,63.333333333333336,8.0,n/a,1.0,2128.0,50.0,Legs,One-Legged Dumbbell Deadlift,1 days 00:00:00.000000000,8 days 00:00:00.000000000,Thursday,22,189.8
236,2017-10-06,227.5,5.615384615384615,n/a,1.0,11895.0,195.0,Chest,Flat Barbell Bench Press,1 days 00:00:00.000000000,7 days 00:00:00.000000000,Friday,22,189.8
237,2017-10-11,64.16666666666667,7.3076923076923075,n/a,1.0,3755.0,55.0,Back,Pull Up,5 days 00:00:00.000000000,7 days 00:00:00.000000000,Wednesday,22,189.8
238,2017-10-12,63.333333333333336,8.166666666666666,n/a,1.0,2850.0,50.0,Legs,One-Legged Dumbbell Deadlift,1 days 00:00:00.000000000,7 days 00:00:00.000000000,Thursday,22,189.8
239,2017-10-13,233.33333333333334,6.5,n/a,1.0,15360.0,200.0,Chest,Flat Barbell Bench Press,1 days 00:00:00.000000000,7 days 00:00:00.000000000,Friday,22,189.8
240,2017-10-18,64.16666666666667,7.3076923076923075,n/a,1.0,4055.0,55.0,Back,Pull Up,5 days 00:00:00.000000000,7 days 00:00:00.000000000,Wednesday,22,189.8
241,2017-10-19,262.5,6.75,n/a,1.0,9145.0,225.0,Legs,Deadlift,1 days 00:00:00.000000000,7 days 00:00:00.000000000,Thursday,22,189.8
242,2017-10-20,245.0,4.666666666666667,n/a,1.0,13415.0,210.0,Chest,Lat Pulldown Pronated,1 days 00:00:00.000000000,7 days 00:00:00.000000000,Friday,22,189.8
243,2017-10-25,66.66666666666667,7.333333333333333,n/a,1.0,3920.0,55.0,Shoulders,Pull Up,5 days 00:00:00.000000000,79 days 00:00:00.000000000,Wednesday,22,189.8
244,2017-10-26,268.3333333333333,4.25,n/a,1.0,13995.0,230.0,Chest,Lat Pulldown Pronated,1 days 00:00:00.000000000,6 days 00:00:00.000000000,Thursday,22,189.8
245,2017-11-03,225.5,3.8,n/a,1.0,3505.0,210.0,Chest,Flat Barbell Bench Press,8 days 00:00:00.000000000,8 days 00:00:00.000000000,Friday,22,189.8
246,2017-11-08,73.33333333333333,7.230769230769231,n/a,1.0,4525.0,60.0,Back,Pull Up,5 days 00:00:00.000000000,21 days 00:00:00.000000000,Wednesday,22,189.8
247,2017-11-10,291.3333333333333,5.166666666666667,n/a,1.0,12415.0,230.0,Chest,Lat Pulldown Pronated,2 days 00:00:00.000000000,7 days 00:00:00.000000000,Friday,22,189.8
248,2017-11-16,73.33333333333333,7.5,n/a,1.0,2730.0,60.0,Shoulders,Pull Up,6 days 00:00:00.000000000,22 days 00:00:00.000000000,Thursday,22,189.8
249,2017-11-17,291.3333333333333,5.166666666666667,n/a,1.0,12415.0,230.0,Chest,Lat Pulldown Pronated,1 days 00:00:00.000000000,7 days 00:00:00.000000000,Friday,22,189.8
250,2017-11-29,215.83333333333334,5.5,n/a,1.0,5380.0,185.0,Chest,Flat Barbell Bench Press,12 days 00:00:00.000000000,12 days 00:00:00.000000000,Wednesday,22,189.8
251,2017-12-08,240.66666666666666,6.066666666666666,n/a,1.0,16735.0,195.0,Chest,Flat Barbell Bench Press,9 days 00:00:00.000000000,9 days 00:00:00.000000000,Friday,22,189.8
252,2017-12-19,253.33333333333334,7.7272727272727275,n/a,1.0,15450.0,200.0,Back,Flat Barbell Bench Press,11 days 00:00:00.000000000,41 days 00:00:00.000000000,Tuesday,22,181.0
253,2017-12-20,253.33333333333334,7.166666666666667,n/a,1.0,15915.0,200.0,Chest,Flat Barbell Bench Press,1 days 00:00:00.000000000,12 days 00:00:00.000000000,Wednesday,22,181.0
254,2017-12-27,245.0,5.363636363636363,n/a,1.0,11085.0,210.0,Chest,Lat Pulldown Pronated,7 days 00:00:00.000000000,7 days 00:00:00.000000000,Wednesday,22,184.0
255,2017-12-28,73.33333333333333,10.416666666666666,n/a,1.0,3165.0,55.0,Shoulders,Incline Dumbbell Press Yoga Ball,1 days 00:00:00.000000000,42 days 00:00:00.000000000,Thursday,22,184.0
256,2018-01-01,326.6666666666667,10.0,n/a,1.0,14500.0,245.0,Legs,Leg Press,4 days 00:00:00.000000000,74 days 00:00:00.000000000,Monday,23,184.0
257,2018-01-03,213.33333333333334,10.0,n/a,1.0,11735.0,160.0,Chest,Flat Barbell Bench Press,2 days 00:00:00.000000000,7 days 00:00:00.000000000,Wednesday,23,184.0
258,2018-01-04,173.33333333333334,10.133333333333333,n/a,1.0,9040.0,130.0,Back,Hammer Strength Row,1 days 00:00:00.000000000,16 days 00:00:00.000000000,Thursday,23,184.0
259,2018-01-08,220.0,12.571428571428571,n/a,1.0,16200.0,165.0,Chest,Flat Barbell Bench Press,4 days 00:00:00.000000000,5 days 00:00:00.000000000,Monday,23,182.0
260,2018-01-11,77.0,8.222222222222221,n/a,1.0,2430.0,55.0,Back,Dumbbell Row,3 days 00:00:00.000000000,7 days 00:00:00.000000000,Thursday,23,182.0
261,2018-01-19,220.0,12.619047619047619,n/a,1.0,16335.0,165.0,Chest,Flat Barbell Bench Press,8 days 00:00:00.000000000,11 days 00:00:00.000000000,Friday,23,180.0
262,2018-01-22,353.3333333333333,12.307692307692308,n/a,0.7692307692307693,15300.0,265.0,Legs,Leg Press,3 days 00:00:00.000000000,21 days 00:00:00.000000000,Monday,23,179.0
263,2018-01-23,69.66666666666667,6.5,n/a,1.0,1780.0,55.0,Back,Dumbbell Row,1 days 00:00:00.000000000,12 days 00:00:00.000000000,Tuesday,23,179.0
264,2018-01-26,204.16666666666666,7.75,n/a,1.0,8715.0,175.0,Chest,Flat Barbell Bench Press,3 days 00:00:00.000000000,7 days 00:00:00.000000000,Friday,23,179.0
265,2018-01-29,291.6666666666667,7.0,n/a,1.0,10920.0,250.0,Legs,Deadlift,3 days 00:00:00.000000000,7 days 00:00:00.000000000,Monday,23,178.5
266,2018-01-30,69.66666666666667,7.2,n/a,1.0,2766.5,55.0,Back,Dumbbell Row,1 days 00:00:00.000000000,7 days 00:00:00.000000000,Tuesday,23,178.5
267,2018-02-01,204.16666666666666,7.857142857142857,n/a,1.0,11450.0,175.0,Chest,Flat Barbell Bench Press,2 days 00:00:00.000000000,6 days 00:00:00.000000000,Thursday,23,178.5
268,2018-02-02,353.3333333333333,10.0,n/a,1.0,14250.0,265.0,Legs,Leg Press,1 days 00:00:00.000000000,4 days 00:00:00.000000000,Friday,23,178.5
269,2018-02-05,136.0,6.181818181818182,n/a,1.0,2975.0,120.0,Back,Lat Pulldown,3 days 00:00:00.000000000,6 days 00:00:00.000000000,Monday,23,181.5
270,2018-02-09,210.0,5.111111111111111,n/a,1.0,7500.0,180.0,Chest,Flat Barbell Bench Press,4 days 00:00:00.000000000,8 days 00:00:00.000000000,Friday,23,181.5
271,2018-02-13,353.3333333333333,13.409090909090908,n/a,0.45454545454545453,15600.0,265.0,Legs,Leg Press,4 days 00:00:00.000000000,11 days 00:00:00.000000000,Tuesday,23,181.5
272,2018-02-19,164.66666666666666,7.5,n/a,1.0,12776.5,130.0,Back,Hammer Strength Row,6 days 00:00:00.000000000,14 days 00:00:00.000000000,Monday,23,181.5
273,2018-02-20,215.83333333333334,6.866666666666666,n/a,1.0,11055.0,185.0,Chest,Flat Barbell Bench Press,1 days 00:00:00.000000000,11 days 00:00:00.000000000,Tuesday,23,181.5
274,2018-02-26,82.33333333333333,6.555555555555555,n/a,1.0,2245.0,65.0,Back,Dumbbell Row,6 days 00:00:00.000000000,7 days 00:00:00.000000000,Monday,23,178.0
275,2018-02-27,221.66666666666666,5.125,n/a,1.0,7130.0,190.0,Chest,Flat Barbell Bench Press,1 days 00:00:00.000000000,7 days 00:00:00.000000000,Tuesday,23,178.0
276,2018-02-28,353.3333333333333,12.083333333333334,n/a,0.5,14825.0,265.0,Legs,Leg Press,1 days 00:00:00.000000000,15 days 00:00:00.000000000,Wednesday,23,178.0
277,2018-03-05,37.916666666666664,5.142857142857143,n/a,1.0,752.5,32.5,Back,Pull Up,5 days 00:00:00.000000000,7 days 00:00:00.000000000,Monday,23,182.0
278,2018-03-06,227.5,5.125,n/a,1.0,7205.0,195.0,Chest,Flat Barbell Bench Press,1 days 00:00:00.000000000,7 days 00:00:00.000000000,Tuesday,23,182.0
279,2018-03-12,40.833333333333336,4.555555555555555,n/a,1.0,945.0,35.0,Back,Pull Up,6 days 00:00:00.000000000,7 days 00:00:00.000000000,Monday,23,181.0
280,2018-03-15,227.5,11.25925925925926,n/a,0.9259259259259259,17275.0,195.0,Chest,Flat Barbell Bench Press,3 days 00:00:00.000000000,9 days 00:00:00.000000000,Thursday,23,181.0
281,2018-03-19,82.33333333333333,6.0,n/a,1.0,2115.0,65.0,Back,Dumbbell Row,4 days 00:00:00.000000000,7 days 00:00:00.000000000,Monday,23,181.0
282,2018-03-20,233.33333333333334,5.0,n/a,1.0,7190.0,200.0,Chest,Flat Barbell Bench Press,1 days 00:00:00.000000000,5 days 00:00:00.000000000,Tuesday,23,181.0
283,2018-03-21,353.3333333333333,12.391304347826088,n/a,0.4782608695652174,13975.0,265.0,Legs,Leg Press,1 days 00:00:00.000000000,21 days 00:00:00.000000000,Wednesday,23,181.0
284,2018-03-26,82.33333333333333,5.636363636363637,n/a,1.0,2365.0,65.0,Back,Dumbbell Row,5 days 00:00:00.000000000,7 days 00:00:00.000000000,Monday,23,181.5
285,2018-03-27,233.33333333333334,5.0,n/a,1.0,7040.0,200.0,Chest,Flat Barbell Bench Press,1 days 00:00:00.000000000,7 days 00:00:00.000000000,Tuesday,23,181.5
286,2018-03-30,380.0,8.842105263157896,n/a,0.9473684210526315,23030.0,285.0,Legs,Leg Press,3 days 00:00:00.000000000,9 days 00:00:00.000000000,Friday,23,181.5
287,2018-04-03,1.6666666666666665,8.5,n/a,1.0,51.0,1.0,Back,Pull Up,4 days 00:00:00.000000000,8 days 00:00:00.000000000,Tuesday,23,182.5
288,2018-04-04,233.33333333333334,5.285714285714286,n/a,1.0,6595.0,200.0,Chest,Flat Barbell Bench Press,1 days 00:00:00.000000000,8 days 00:00:00.000000000,Wednesday,23,182.5
289,2018-04-09,173.33333333333334,8.931034482758621,n/a,1.0,14352.0,130.0,Back,Hammer Strength Row,5 days 00:00:00.000000000,6 days 00:00:00.000000000,Monday,23,185.0
290,2018-04-10,226.66666666666666,4.461538461538462,n/a,1.0,9135.0,200.0,Chest,Flat Barbell Bench Press,1 days 00:00:00.000000000,6 days 00:00:00.000000000,Tuesday,23,185.0
291,2018-04-16,82.33333333333333,5.769230769230769,n/a,1.0,2757.0,65.0,Back,Dumbbell Row,6 days 00:00:00.000000000,7 days 00:00:00.000000000,Monday,23,185.0
292,2018-04-18,239.16666666666666,11.0,n/a,0.9259259259259259,16125.0,205.0,Chest,Flat Barbell Bench Press,2 days 00:00:00.000000000,8 days 00:00:00.000000000,Wednesday,23,185.0
293,2018-04-19,221.66666666666666,8.0,n/a,1.0,3720.0,175.0,Legs,Barbell Squat,1 days 00:00:00.000000000,20 days 00:00:00.000000000,Thursday,23,185.0
294,2018-04-24,177.33333333333334,6.588235294117647,n/a,1.0,4538.0,140.0,Back,Lat Pulldown,5 days 00:00:00.000000000,8 days 00:00:00.000000000,Tuesday,23,183.0
295,2018-04-25,239.16666666666666,5.875,n/a,1.0,7675.0,205.0,Chest,Flat Barbell Bench Press,1 days 00:00:00.000000000,7 days 00:00:00.000000000,Wednesday,23,183.0
296,2018-05-01,88.66666666666667,6.833333333333333,n/a,1.0,1876.0,70.0,Back,Dumbbell Row,6 days 00:00:00.000000000,7 days 00:00:00.000000000,Tuesday,23,181.0
297,2018-05-02,232.33333333333334,5.090909090909091,n/a,1.0,8825.0,210.0,Chest,Flat Barbell Bench Press,1 days 00:00:00.000000000,7 days 00:00:00.000000000,Wednesday,23,181.0
298,2018-05-07,88.66666666666667,6.6,n/a,1.0,1824.0,70.0,Back,Dumbbell Row,5 days 00:00:00.000000000,6 days 00:00:00.000000000,Monday,23,181.0
299,2018-05-14,186.66666666666666,7.857142857142857,n/a,1.0,4280.0,140.0,Back,Lat Pulldown,7 days 00:00:00.000000000,7 days 00:00:00.000000000,Monday,23,183.5
300,2018-05-18,120.33333333333333,7.88,Princess Diana Gains Guide,0.84,6011.0,95.0,Chest,Flat Barbell Bench Press,4 days 00:00:00.000000000,16 days 00:00:00.000000000,Friday,23,183.5
301,2018-05-21,133.33333333333334,7.318181818181818,n/a,1.0,5904.0,100.0,Back,Lat Pulldown,3 days 00:00:00.000000000,7 days 00:00:00.000000000,Monday,23,185.0
302,2018-05-23,126.66666666666667,7.84,Princess Diana Gains Guide,0.88,6779.0,95.0,Chest,Flat Barbell Bench Press,2 days 00:00:00.000000000,5 days 00:00:00.000000000,Wednesday,23,185.0
303,2018-05-29,152.0,5.052631578947368,n/a,1.0,4908.0,120.0,Back,Lat Pulldown,6 days 00:00:00.000000000,8 days 00:00:00.000000000,Tuesday,23,188.0
304,2018-05-31,126.66666666666667,7.68,Princess Diana Gains Guide,0.68,4590.0,95.0,Chest,Flat Barbell Bench Press,2 days 00:00:00.000000000,8 days 00:00:00.000000000,Thursday,23,188.0
305,2018-06-01,233.33333333333334,10.0,n/a,1.0,9500.0,175.0,Legs,Barbell Squat,1 days 00:00:00.000000000,43 days 00:00:00.000000000,Friday,23,188.0
306,2018-06-04,177.33333333333334,5.5625,n/a,1.0,4877.0,140.0,Back,Lat Pulldown,3 days 00:00:00.000000000,6 days 00:00:00.000000000,Monday,23,184.5
307,2018-06-08,120.33333333333333,9.4,Princess Diana Gains Guide,0.6,4747.0,95.0,Chest,Decline Cable Fly,4 days 00:00:00.000000000,8 days 00:00:00.000000000,Friday,23,184.5
308,2018-06-12,190.0,4.75,n/a,1.0,1230.0,150.0,Back,Lat Pulldown,4 days 00:00:00.000000000,8 days 00:00:00.000000000,Tuesday,23,183.5
309,2018-06-14,126.66666666666667,8.04,Princess Diana Gains Guide,0.96,8079.0,95.0,Chest,Flat Barbell Bench Press,2 days 00:00:00.000000000,6 days 00:00:00.000000000,Thursday,23,183.5
310,2018-06-15,246.66666666666666,9.0,n/a,1.0,5700.0,185.0,Legs,Barbell Squat,1 days 00:00:00.000000000,14 days 00:00:00.000000000,Friday,23,183.5
311,2018-06-18,190.0,7.0,n/a,1.0,6754.0,150.0,Back,Lat Pulldown,3 days 00:00:00.000000000,6 days 00:00:00.000000000,Monday,23,183.5
312,2018-06-20,66.66666666666667,10.0,Princess Diana Gains Guide,0.18181818181818182,1060.0,50.0,Chest,Decline Dumbbell Benchpress,2 days 00:00:00.000000000,6 days 00:00:00.000000000,Wednesday,23,183.5
313,2018-06-22,126.66666666666667,8.76,Princess Diana Gains Guide,0.84,6471.0,95.0,Chest,Flat Barbell Bench Press,2 days 00:00:00.000000000,2 days 00:00:00.000000000,Friday,23,183.5
314,2018-06-26,190.0,6.0,n/a,1.0,3636.0,150.0,Back,Lat Pulldown,4 days 00:00:00.000000000,8 days 00:00:00.000000000,Tuesday,23,186.0
315,2018-06-27,126.66666666666667,8.04,Princess Diana Gains Guide,0.72,5652.0,95.0,Chest,Flat Barbell Bench Press,1 days 00:00:00.000000000,5 days 00:00:00.000000000,Wednesday,23,186.0
316,2018-07-03,226.66666666666666,8.578947368421053,n/a,1.0,10987.0,170.0,Back,Lat Pulldown Pronated,6 days 00:00:00.000000000,7 days 00:00:00.000000000,Tuesday,23,187.0
317,2018-07-04,153.33333333333334,8.76,Princess Diana Gains Guide,1.0,9372.0,115.0,Chest,Flat Barbell Bench Press,1 days 00:00:00.000000000,7 days 00:00:00.000000000,Wednesday,23,187.0
318,2018-07-09,190.0,6.625,n/a,1.0,5935.0,150.0,Back,Lat Pulldown,5 days 00:00:00.000000000,6 days 00:00:00.000000000,Monday,23,184.0
319,2018-07-12,153.33333333333334,8.92,Princess Diana Gains Guide,0.6,4721.0,115.0,Chest,Flat Barbell Bench Press,3 days 00:00:00.000000000,8 days 00:00:00.000000000,Thursday,23,184.0
320,2018-07-17,190.0,6.588235294117647,n/a,1.0,6167.0,150.0,Back,Lat Pulldown,5 days 00:00:00.000000000,8 days 00:00:00.000000000,Tuesday,23,187.0
321,2018-07-19,180.0,8.0,Princess Diana Gains Guide,0.96,9224.0,135.0,Chest,Flat Barbell Bench Press,2 days 00:00:00.000000000,7 days 00:00:00.000000000,Thursday,23,187.0
322,2018-07-25,180.0,7.92,Princess Diana Gains Guide,0.96,9712.0,135.0,Chest,Flat Barbell Bench Press,6 days 00:00:00.000000000,6 days 00:00:00.000000000,Wednesday,23,184.0
323,2018-08-02,1.4333333333333333,6.2,n/a,1.0,31.0,1.0,Back,Pull Up,8 days 00:00:00.000000000,16 days 00:00:00.000000000,Thursday,23,184.0
324,2018-08-03,171.0,8.4,Princess Diana Gains Guide,0.56,4614.0,135.0,Chest,Flat Barbell Bench Press,1 days 00:00:00.000000000,9 days 00:00:00.000000000,Friday,23,184.0
325,2018-08-04,1.3333333333333333,14.0,Princess Diana Gains Guide,0.4,60.0,1.0,Abs,Decline Oblique Chops,1 days 00:00:00.000000000,667 days 00:00:00.000000000,Saturday,23,184.0
326,2018-08-07,1.3333333333333333,14.0,Princess Diana Gains Guide,0.4,60.0,1.0,Abs,Decline Oblique Chops,3 days 00:00:00.000000000,3 days 00:00:00.000000000,Tuesday,23,184.0
327,2018-08-08,82.33333333333333,6.1,n/a,1.0,1853.0,65.0,Back,Dumbbell Row,1 days 00:00:00.000000000,6 days 00:00:00.000000000,Wednesday,23,184.0
328,2018-08-10,175.5,7.8076923076923075,Princess Diana Gains Guide,0.9615384615384616,9360.0,135.0,Chest,Flat Barbell Bench Press,2 days 00:00:00.000000000,7 days 00:00:00.000000000,Friday,23,184.0
329,2018-08-22,166.5,8.56,Princess Diana Gains Guide,0.6,4728.0,135.0,Chest,Flat Barbell Bench Press,12 days 00:00:00.000000000,12 days 00:00:00.000000000,Wednesday,23,184.0
330,2018-08-23,1.3333333333333333,14.0,Princess Diana Gains Guide,0.6,90.0,1.0,Abs,Decline Oblique Chops,1 days 00:00:00.000000000,16 days 00:00:00.000000000,Thursday,23,184.0
331,2018-08-24,190.0,5.866666666666666,n/a,1.0,5112.0,150.0,Back,Lat Pulldown,1 days 00:00:00.000000000,16 days 00:00:00.000000000,Friday,23,184.0
332,2018-08-28,1.3333333333333333,14.0,Princess Diana Gains Guide,0.6,90.0,1.0,Abs,Decline Oblique Chops,4 days 00:00:00.000000000,5 days 00:00:00.000000000,Tuesday,23,188.5
333,2018-08-30,162.0,7.423076923076923,Princess Diana Gains Guide,0.7307692307692307,5125.0,135.0,Chest,Flat Barbell Bench Press,2 days 00:00:00.000000000,8 days 00:00:00.000000000,Thursday,23,188.5
334,2018-09-01,190.0,5.3125,n/a,1.0,4455.0,150.0,Back,Lat Pulldown,2 days 00:00:00.000000000,8 days 00:00:00.000000000,Saturday,23,189.0
335,2018-09-04,162.0,5.741935483870968,Princess Diana Gains Guide,1.0,9220.0,135.0,Chest,Flat Barbell Bench Press,3 days 00:00:00.000000000,5 days 00:00:00.000000000,Tuesday,23,189.0
336,2018-09-05,88.66666666666667,5.5,n/a,1.0,892.0,75.0,Back,Dumbbell Row,1 days 00:00:00.000000000,4 days 00:00:00.000000000,Wednesday,23,189.0
337,2018-09-06,1.4,13.2,Princess Diana Gains Guide,0.6666666666666666,118.0,1.0,Abs,Decline Oblique Chops,1 days 00:00:00.000000000,9 days 00:00:00.000000000,Thursday,23,189.0
338,2018-09-12,166.66666666666666,6.888888888888889,Princess Diana Gains Guide,1.0,9946.0,135.0,Chest,Flat Barbell Bench Press,6 days 00:00:00.000000000,8 days 00:00:00.000000000,Wednesday,23,189.0
339,2018-09-14,1.4,18.4,Princess Diana Gains Guide,0.13333333333333333,24.0,1.0,Abs,Decline Oblique Chops,2 days 00:00:00.000000000,8 days 00:00:00.000000000,Friday,23,189.0
340,2018-09-17,90.0,5.8,n/a,1.0,1744.0,75.0,Back,Dumbbell Row,3 days 00:00:00.000000000,12 days 00:00:00.000000000,Monday,23,190.5
341,2018-09-18,1.4,15.2,Princess Diana Gains Guide,0.26666666666666666,48.0,1.0,Abs,Decline Oblique Chops,1 days 00:00:00.000000000,4 days 00:00:00.000000000,Tuesday,23,190.5
342,2018-09-19,100.0,10.0,Princess Diana Gains Guide,0.43478260869565216,3580.0,75.0,Chest,Decline Dumbbell Benchpress,1 days 00:00:00.000000000,7 days 00:00:00.000000000,Wednesday,23,190.5
343,2018-09-21,1.4,18.4,Princess Diana Gains Guide,0.13333333333333333,24.0,1.0,Abs,Decline Oblique Chops,2 days 00:00:00.000000000,3 days 00:00:00.000000000,Friday,23,190.5
344,2018-10-01,180.0,9.6,Princess Diana Gains Guide,0.6,8690.0,135.0,Chest,Decline Barbell Bench Press,10 days 00:00:00.000000000,12 days 00:00:00.000000000,Monday,23,187.5
345,2018-10-03,1.4,15.2,Princess Diana Gains Guide,0.3333333333333333,60.0,1.0,Abs,Decline Oblique Chops,2 days 00:00:00.000000000,12 days 00:00:00.000000000,Wednesday,23,187.5
346,2018-10-04,95.0,6.2,n/a,1.0,2356.0,75.0,Back,Dumbbell Row,1 days 00:00:00.000000000,17 days 00:00:00.000000000,Thursday,23,187.5
347,2018-10-09,1.4,15.2,Princess Diana Gains Guide,0.3333333333333333,60.0,1.0,Abs,Decline Oblique Chops,5 days 00:00:00.000000000,6 days 00:00:00.000000000,Tuesday,23,190.5
348,2018-10-10,180.0,8.0,Princess Diana Gains Guide,0.9545454545454546,9086.0,135.0,Chest,Decline Barbell Bench Press,1 days 00:00:00.000000000,9 days 00:00:00.000000000,Wednesday,23,190.5
349,2018-10-12,101.33333333333333,5.444444444444445,n/a,1.0,1708.0,80.0,Back,Dumbbell Row,2 days 00:00:00.000000000,8 days 00:00:00.000000000,Friday,23,190.5
350,2018-10-23,186.66666666666666,8.4,Princess Diana Gains Guide,0.92,12020.0,140.0,Chest,Decline Barbell Bench Press,11 days 00:00:00.000000000,13 days 00:00:00.000000000,Tuesday,23,190.5
351,2018-10-24,1.4,16.8,Princess Diana Gains Guide,0.3333333333333333,60.0,1.0,Abs,Decline Oblique Chops,1 days 00:00:00.000000000,15 days 00:00:00.000000000,Wednesday,23,190.5
352,2018-10-25,1.4666666666666668,5.333333333333333,n/a,1.0,32.0,1.0,Back,Pull Up,1 days 00:00:00.000000000,13 days 00:00:00.000000000,Thursday,23,190.5
353,2018-10-27,1.4333333333333333,13.0,Princess Diana Gains Guide,1.0,195.0,1.0,Abs,Decline Oblique Chops,2 days 00:00:00.000000000,3 days 00:00:00.000000000,Saturday,23,189.0
354,2018-11-02,193.33333333333334,10.0,Princess Diana Gains Guide,0.36,6070.0,145.0,Chest,Decline Barbell Bench Press,6 days 00:00:00.000000000,10 days 00:00:00.000000000,Friday,23,189.0
355,2018-11-05,1.4666666666666668,14.0,Princess Diana Gains Guide,0.4,84.0,1.0,Abs,Decline Oblique Chops,3 days 00:00:00.000000000,9 days 00:00:00.000000000,Monday,23,190.0
356,2018-11-06,98.66666666666667,5.5,n/a,1.0,992.0,80.0,Back,Dumbbell Row,1 days 00:00:00.000000000,12 days 00:00:00.000000000,Tuesday,23,190.0
357,2018-11-12,193.33333333333334,7.72,Princess Diana Gains Guide,1.0,13289.0,145.0,Chest,Decline Barbell Bench Press,6 days 00:00:00.000000000,10 days 00:00:00.000000000,Monday,23,188.5
358,2018-11-16,93.33333333333333,4.769230769230769,n/a,1.0,1982.0,80.0,Back,Dumbbell Row,4 days 00:00:00.000000000,10 days 00:00:00.000000000,Friday,23,188.5
359,2018-11-24,1.5,15.0,Princess Diana Gains Guide,1.0,225.0,1.0,Abs,Decline Oblique Chops,8 days 00:00:00.000000000,19 days 00:00:00.000000000,Saturday,23,188.5
360,2018-11-26,200.0,9.56,Princess Diana Gains Guide,0.48,6734.0,150.0,Chest,Decline Barbell Bench Press,2 days 00:00:00.000000000,14 days 00:00:00.000000000,Monday,23,188.5
361,2018-11-30,93.33333333333333,5.5,n/a,1.0,834.0,80.0,Back,Dumbbell Row,4 days 00:00:00.000000000,14 days 00:00:00.000000000,Friday,23,188.5
362,2018-12-01,1.5333333333333332,16.0,Princess Diana Gains Guide,1.0,240.0,1.0,Abs,Decline Oblique Chops,1 days 00:00:00.000000000,7 days 00:00:00.000000000,Saturday,23,189.5
363,2018-12-03,206.66666666666666,7.538461538461538,Princess Diana Gains Guide,0.8846153846153846,11003.0,155.0,Chest,Decline Barbell Bench Press,2 days 00:00:00.000000000,7 days 00:00:00.000000000,Monday,23,189.5
364,2018-12-05,96.0,5.166666666666667,n/a,1.0,2230.0,80.0,Back,Dumbbell Row,2 days 00:00:00.000000000,5 days 00:00:00.000000000,Wednesday,23,189.5
365,2018-12-08,1.5666666666666667,17.0,Princess Diana Gains Guide,1.0,255.0,1.0,Abs,Decline Oblique Chops,3 days 00:00:00.000000000,7 days 00:00:00.000000000,Saturday,23,189.5
366,2018-12-10,213.33333333333334,9.0,Princess Diana Gains Guide,0.6956521739130435,9835.0,160.0,Chest,Decline Barbell Bench Press,2 days 00:00:00.000000000,7 days 00:00:00.000000000,Monday,23,189.5
367,2018-12-14,96.0,5.0,n/a,1.0,2211.0,80.0,Back,Dumbbell Row,4 days 00:00:00.000000000,9 days 00:00:00.000000000,Friday,23,189.5
368,2018-12-15,1.6,18.8,Princess Diana Gains Guide,0.2,54.0,1.0,Abs,Decline Oblique Chops,1 days 00:00:00.000000000,7 days 00:00:00.000000000,Saturday,23,192.0
369,2018-12-26,220.0,6.2592592592592595,Princess Diana Gains Guide,1.0,9600.0,165.0,Chest,Decline Barbell Bench Press,11 days 00:00:00.000000000,16 days 00:00:00.000000000,Wednesday,23,194.0
370,2018-12-29,1.6666666666666665,17.866666666666667,Princess Diana Gains Guide,0.5333333333333333,128.0,1.0,Abs,Decline Oblique Chops,3 days 00:00:00.000000000,14 days 00:00:00.000000000,Saturday,23,194.0
371,2019-01-02,226.66666666666666,6.96875,Princess Diana Gains Guide,1.0,13089.0,170.0,Chest,Decline Barbell Bench Press,4 days 00:00:00.000000000,7 days 00:00:00.000000000,Wednesday,24,194.0
