id,date,weekday,last_workout_date,last_category_date,category,primary_lift,volume,mean_reps,completion_rate,age
1,2014-06-07,Saturday,0 days 00:00:00.000000000,0 days 00:00:00.000000000,Back,Lat Pulldown,8114.0,8.222222222222221,1.0,19
2,2014-06-08,Sunday,1 days 00:00:00.000000000,0 days 00:00:00.000000000,Chest,Flat Dumbbell Bench Press,1650.0,10.0,0.75,19
3,2014-06-10,Tuesday,2 days 00:00:00.000000000,0 days 00:00:00.000000000,Legs,Leg Press,12900.0,10.0,1.0,19
4,2014-06-17,Tuesday,7 days 00:00:00.000000000,9 days 00:00:00.000000000,Chest,Flat Dumbbell Bench Press,1995.0,8.2,1.0,19
5,2014-06-18,Wednesday,1 days 00:00:00.000000000,0 days 00:00:00.000000000,Cardio,Cardio,0.0,,1.0,19
6,2014-06-19,Thursday,1 days 00:00:00.000000000,9 days 00:00:00.000000000,Legs,Leg Press,10780.0,8.153846153846153,1.0,19
7,2014-06-22,Sunday,3 days 00:00:00.000000000,3 days 00:00:00.000000000,Legs,Leg Press,11425.0,8.5,1.0,19
8,2014-06-24,Tuesday,2 days 00:00:00.000000000,17 days 00:00:00.000000000,Back,Lat Pulldown,6919.0,7.615384615384615,1.0,19
9,2014-06-26,Thursday,2 days 00:00:00.000000000,8 days 00:00:00.000000000,Cardio,Cardio,0.0,,1.0,19
10,2014-06-30,Monday,4 days 00:00:00.000000000,4 days 00:00:00.000000000,Cardio,Cardio,0.0,,1.0,19
11,2014-07-01,Tuesday,1 days 00:00:00.000000000,14 days 00:00:00.000000000,Chest,Flat Dumbbell Bench Press,1910.0,9.0,1.0,19
12,2014-07-02,Wednesday,1 days 00:00:00.000000000,8 days 00:00:00.000000000,Back,Lat Pulldown,4663.0,7.166666666666667,1.0,19
13,2014-07-05,Saturday,3 days 00:00:00.000000000,0 days 00:00:00.000000000,Abs,Undefined Ab Workout,1.0,1.0,1.0,19
14,2014-07-07,Monday,2 days 00:00:00.000000000,6 days 00:00:00.000000000,Chest,Flat Dumbbell Bench Press,2515.0,8.166666666666666,1.0,19
15,2014-07-09,Wednesday,2 days 00:00:00.000000000,7 days 00:00:00.000000000,Back,Seated Cable Row,4695.0,7.666666666666667,1.0,19
16,2014-07-10,Thursday,1 days 00:00:00.000000000,5 days 00:00:00.000000000,Abs,Undefined Ab Workout,1.0,1.0,1.0,19
17,2014-07-13,Sunday,3 days 00:00:00.000000000,6 days 00:00:00.000000000,Chest,Dumbbell Overhead Triceps Extension,1300.0,10.0,1.0,19
18,2014-07-15,Tuesday,2 days 00:00:00.000000000,5 days 00:00:00.000000000,Abs,Undefined Ab Workout,1.0,1.0,1.0,19
19,2014-07-16,Wednesday,1 days 00:00:00.000000000,3 days 00:00:00.000000000,Chest,Flat Dumbbell Bench Press,1950.0,10.0,1.0,19
20,2014-07-17,Thursday,1 days 00:00:00.000000000,17 days 00:00:00.000000000,Cardio,Cardio,0.0,,1.0,19
21,2014-07-21,Monday,4 days 00:00:00.000000000,6 days 00:00:00.000000000,Abs,Undefined Ab Workout,1.0,1.0,1.0,19
22,2014-07-22,Tuesday,1 days 00:00:00.000000000,30 days 00:00:00.000000000,Legs,Leg Press,11425.0,8.5,1.0,19
23,2014-07-23,Wednesday,1 days 00:00:00.000000000,14 days 00:00:00.000000000,Back,Lat Pulldown,8100.0,10.0,1.0,19
24,2014-07-25,Friday,2 days 00:00:00.000000000,8 days 00:00:00.000000000,Cardio,Cardio,0.0,,1.0,19
25,2014-07-27,Sunday,2 days 00:00:00.000000000,11 days 00:00:00.000000000,Chest,Seated Machine Fly,5236.0,6.615384615384615,0.7142857142857143,19
26,2014-07-28,Monday,1 days 00:00:00.000000000,7 days 00:00:00.000000000,Abs,Undefined Ab Workout,1.0,1.0,1.0,19
27,2014-07-30,Wednesday,2 days 00:00:00.000000000,7 days 00:00:00.000000000,Back,Lat Pulldown,8550.0,10.0,1.0,19
28,2014-07-31,Thursday,1 days 00:00:00.000000000,6 days 00:00:00.000000000,Cardio,Cardio,0.0,,1.0,19
29,2014-08-04,Monday,4 days 00:00:00.000000000,7 days 00:00:00.000000000,Abs,Undefined Ab Workout,1.0,1.0,1.0,19
30,2014-08-07,Thursday,3 days 00:00:00.000000000,8 days 00:00:00.000000000,Back,Pull Up,14.0,4.666666666666667,1.0,19
31,2014-08-08,Friday,1 days 00:00:00.000000000,12 days 00:00:00.000000000,Chest,Seated Machine Fly,4260.0,4.333333333333333,1.0,19
32,2014-08-11,Monday,3 days 00:00:00.000000000,11 days 00:00:00.000000000,Cardio,Cardio,0.0,,1.0,19
33,2014-08-12,Tuesday,1 days 00:00:00.000000000,8 days 00:00:00.000000000,Abs,Undefined Ab Workout,1.0,1.0,1.0,19
34,2014-08-14,Thursday,2 days 00:00:00.000000000,7 days 00:00:00.000000000,Back,Dumbbell Row,1967.0,7.833333333333333,1.0,19
35,2014-08-15,Friday,1 days 00:00:00.000000000,0 days 00:00:00.000000000,Shoulders,Dumbbell Shoulder Press,1130.0,6.8,1.0,19
36,2014-08-17,Sunday,2 days 00:00:00.000000000,9 days 00:00:00.000000000,Chest,Flat Dumbbell Bench Press,14030.0,13.066666666666666,1.0,19
37,2014-08-18,Monday,1 days 00:00:00.000000000,4 days 00:00:00.000000000,Back,Bent Over Row,17840.0,12.933333333333334,1.0,19
38,2014-09-03,Wednesday,16 days 00:00:00.000000000,17 days 00:00:00.000000000,Chest,Flat Dumbbell Bench Press,14030.0,13.066666666666666,1.0,19
39,2014-09-06,Saturday,3 days 00:00:00.000000000,19 days 00:00:00.000000000,Back,Bent Over Row,17840.0,12.933333333333334,1.0,19
40,2014-10-17,Friday,41 days 00:00:00.000000000,41 days 00:00:00.000000000,Back,Lat Pulldown,11850.0,13.333333333333334,1.0,19
41,2014-10-18,Saturday,1 days 00:00:00.000000000,45 days 00:00:00.000000000,Chest,Flat Barbell Bench Press,5300.0,14.0,1.0,19
42,2014-11-21,Friday,34 days 00:00:00.000000000,101 days 00:00:00.000000000,Abs,Undefined Ab Workout,1.0,1.0,1.0,19
43,2014-11-30,Sunday,9 days 00:00:00.000000000,43 days 00:00:00.000000000,Chest,Flat Barbell Bench Press,6225.0,7.3076923076923075,1.0,19
44,2014-12-18,Thursday,18 days 00:00:00.000000000,18 days 00:00:00.000000000,Chest,Flat Dumbbell Bench Press,6055.0,9.4,1.0,19
45,2014-12-19,Friday,1 days 00:00:00.000000000,150 days 00:00:00.000000000,Legs,Dumbbell Calf Raise,3400.0,10.0,1.0,19
46,2014-12-20,Saturday,1 days 00:00:00.000000000,64 days 00:00:00.000000000,Back,Lat Pulldown,3662.0,6.8,1.0,19
47,2014-12-22,Monday,2 days 00:00:00.000000000,31 days 00:00:00.000000000,Abs,Undefined Ab Workout,1.0,1.0,1.0,19
48,2014-12-26,Friday,4 days 00:00:00.000000000,6 days 00:00:00.000000000,Back,Lat Pulldown,10583.0,8.045454545454545,1.0,19
49,2014-12-27,Saturday,1 days 00:00:00.000000000,8 days 00:00:00.000000000,Legs,Dumbbell Lunges,1401.0,7.75,1.0,19
50,2014-12-29,Monday,2 days 00:00:00.000000000,2 days 00:00:00.000000000,Legs,Dumbbell Lunges,1451.0,7.75,1.0,19
51,2014-12-30,Tuesday,1 days 00:00:00.000000000,12 days 00:00:00.000000000,Chest,Flat Barbell Bench Press,9014.0,7.615384615384615,1.0,19
52,2014-12-31,Wednesday,1 days 00:00:00.000000000,5 days 00:00:00.000000000,Back,Lat Pulldown,4196.0,7.3,1.0,19
53,2015-01-02,Friday,2 days 00:00:00.000000000,11 days 00:00:00.000000000,Abs,Undefined Ab Workout,1.0,1.0,1.0,20
54,2015-01-03,Saturday,1 days 00:00:00.000000000,5 days 00:00:00.000000000,Legs,Dumbbell Lunges,1550.0,10.0,1.0,20
55,2015-01-05,Monday,2 days 00:00:00.000000000,6 days 00:00:00.000000000,Chest,Flat Dumbbell Bench Press,3450.0,10.0,1.0,20
56,2015-01-06,Tuesday,1 days 00:00:00.000000000,6 days 00:00:00.000000000,Back,Lat Pulldown,13320.0,9.857142857142858,1.0,20
57,2015-01-09,Friday,3 days 00:00:00.000000000,3 days 00:00:00.000000000,Back,Deadlift,4951.0,9.0,1.0,20
58,2015-01-12,Monday,3 days 00:00:00.000000000,7 days 00:00:00.000000000,Chest,Flat Dumbbell Bench Press,1000.0,10.0,1.0,20
59,2015-01-13,Tuesday,1 days 00:00:00.000000000,11 days 00:00:00.000000000,Abs,Undefined Ab Workout,1.0,1.0,1.0,20
60,2015-02-15,Sunday,33 days 00:00:00.000000000,34 days 00:00:00.000000000,Chest,Flat Dumbbell Bench Press,3835.0,7.3076923076923075,1.0,20
61,2015-03-03,Tuesday,16 days 00:00:00.000000000,53 days 00:00:00.000000000,Back,Lat Pulldown,9700.0,9.0,1.0,20
62,2015-03-15,Sunday,12 days 00:00:00.000000000,71 days 00:00:00.000000000,Legs,Hip Abduction,13050.0,10.0,1.0,20
63,2015-03-16,Monday,1 days 00:00:00.000000000,217 days 00:00:00.000000000,Cardio,Cardio,0.0,,1.0,20
64,2015-03-18,Wednesday,2 days 00:00:00.000000000,64 days 00:00:00.000000000,Abs,Undefined Ab Workout,1.0,1.0,1.0,20
65,2015-03-19,Thursday,1 days 00:00:00.000000000,32 days 00:00:00.000000000,Chest,Flat Barbell Bench Press,4690.0,7.428571428571429,1.0,20
66,2015-03-20,Friday,1 days 00:00:00.000000000,0 days 00:00:00.000000000,Cooldown,Cooldown And Stretch,1.0,1.0,1.0,20
67,2015-03-21,Saturday,1 days 00:00:00.000000000,18 days 00:00:00.000000000,Back,Lat Pulldown,7285.0,8.333333333333334,1.0,20
68,2015-03-24,Tuesday,3 days 00:00:00.000000000,9 days 00:00:00.000000000,Legs,Hip Abduction,14300.0,10.0,1.0,20
69,2015-03-27,Friday,3 days 00:00:00.000000000,8 days 00:00:00.000000000,Chest,Flat Dumbbell Bench Press,2125.0,7.5,1.0,20
70,2015-03-28,Saturday,1 days 00:00:00.000000000,7 days 00:00:00.000000000,Back,Lat Pulldown,8103.0,6.923076923076923,1.0,20
71,2015-06-20,Saturday,84 days 00:00:00.000000000,85 days 00:00:00.000000000,Chest,Rope Push Down,6300.0,10.0,1.0,20
72,2015-06-21,Sunday,1 days 00:00:00.000000000,85 days 00:00:00.000000000,Back,Dumbbell Curl,2600.0,10.0,1.0,20
73,2015-06-22,Monday,1 days 00:00:00.000000000,1 days 00:00:00.000000000,Back,Lat Pulldown,10550.0,10.0,1.0,20
74,2015-06-24,Wednesday,2 days 00:00:00.000000000,92 days 00:00:00.000000000,Legs,Leg Press,12000.0,10.0,1.0,20
75,2015-07-24,Friday,30 days 00:00:00.000000000,32 days 00:00:00.000000000,Back,Flat Barbell Bench Press,10810.0,8.4,1.0,20
76,2015-07-25,Saturday,1 days 00:00:00.000000000,31 days 00:00:00.000000000,Legs,Dumbbell Calf Raise,9160.0,8.578947368421053,0.8421052631578947,20
77,2015-07-26,Sunday,1 days 00:00:00.000000000,2 days 00:00:00.000000000,Back,Lat Pulldown,7675.0,10.0,1.0,20
78,2015-07-27,Monday,1 days 00:00:00.000000000,37 days 00:00:00.000000000,Chest,Rope Push Down,4115.0,7.363636363636363,1.0,20
79,2015-07-29,Wednesday,2 days 00:00:00.000000000,3 days 00:00:00.000000000,Back,Deadlift,4545.0,7.75,1.0,20
80,2015-10-17,Saturday,80 days 00:00:00.000000000,80 days 00:00:00.000000000,Back,Lat Pulldown,7700.0,10.0,1.0,20
81,2015-11-01,Sunday,15 days 00:00:00.000000000,97 days 00:00:00.000000000,Chest,Flat Dumbbell Bench Press,2850.0,10.0,1.0,20
82,2015-12-22,Tuesday,51 days 00:00:00.000000000,51 days 00:00:00.000000000,Chest,Flat Barbell Bench Press,12065.0,9.095238095238095,1.0,20
83,2015-12-23,Wednesday,1 days 00:00:00.000000000,67 days 00:00:00.000000000,Back,Barbell Row,5260.0,10.222222222222221,1.0,20
84,2015-12-24,Thursday,1 days 00:00:00.000000000,283 days 00:00:00.000000000,Cardio,Cardio,0.0,,1.0,20
85,2015-12-26,Saturday,2 days 00:00:00.000000000,4 days 00:00:00.000000000,Chest,Close Grip Barbell Bench Press,15175.0,11.2,1.0,20
86,2015-12-28,Monday,2 days 00:00:00.000000000,156 days 00:00:00.000000000,Legs,Deadlift,15080.0,8.75,1.0,20
87,2015-12-30,Wednesday,2 days 00:00:00.000000000,4 days 00:00:00.000000000,Chest,Flat Barbell Bench Press,12050.0,9.294117647058824,1.0,20
88,2016-01-02,Saturday,3 days 00:00:00.000000000,10 days 00:00:00.000000000,Back,Seated Back Extension,22080.0,10.916666666666666,1.0,21
89,2016-01-04,Monday,2 days 00:00:00.000000000,5 days 00:00:00.000000000,Chest,Close Grip Barbell Bench Press,19227.5,10.387096774193548,1.0,21
90,2016-01-05,Tuesday,1 days 00:00:00.000000000,8 days 00:00:00.000000000,Legs,Barbell Squat,16265.0,9.5,1.0,21
91,2016-01-10,Sunday,5 days 00:00:00.000000000,6 days 00:00:00.000000000,Chest,Flat Barbell Bench Press,13285.0,10.058823529411764,1.0,21
92,2016-01-11,Monday,1 days 00:00:00.000000000,9 days 00:00:00.000000000,Back,Seated Back Extension,22432.0,9.96551724137931,1.0,21
93,2016-01-14,Thursday,3 days 00:00:00.000000000,302 days 00:00:00.000000000,Abs,The Choi Ab Routine,1.0,1.0,1.0,21
94,2016-01-21,Thursday,7 days 00:00:00.000000000,10 days 00:00:00.000000000,Back,Barbell Shrug,9300.0,10.0,1.0,21
95,2016-02-04,Thursday,14 days 00:00:00.000000000,25 days 00:00:00.000000000,Chest,Flat Barbell Bench Press,13650.0,8.88888888888889,1.0,21
96,2016-02-09,Tuesday,5 days 00:00:00.000000000,19 days 00:00:00.000000000,Back,Lat Pulldown,10687.5,8.071428571428571,1.0,21
97,2016-02-16,Tuesday,7 days 00:00:00.000000000,42 days 00:00:00.000000000,Legs,Deadlift,14480.0,12.75,0.75,21
98,2016-02-18,Thursday,2 days 00:00:00.000000000,9 days 00:00:00.000000000,Back,Barbell Shrug,11812.0,8.625,1.0,21
99,2016-03-15,Tuesday,26 days 00:00:00.000000000,40 days 00:00:00.000000000,Chest,Flat Barbell Bench Press,5850.0,5.0,1.0,21
100,2016-03-16,Wednesday,1 days 00:00:00.000000000,27 days 00:00:00.000000000,Back,Barbell Curl,2915.0,5.333333333333333,1.0,21
101,2016-03-22,Tuesday,6 days 00:00:00.000000000,35 days 00:00:00.000000000,Legs,Barbell Squat,6075.0,5.0,1.0,21
102,2016-03-24,Thursday,2 days 00:00:00.000000000,9 days 00:00:00.000000000,Chest,Flat Barbell Bench Press,6245.0,4.111111111111111,1.0,21
103,2016-03-31,Thursday,7 days 00:00:00.000000000,15 days 00:00:00.000000000,Back,Lat Pulldown,5420.0,7.4,1.0,21
104,2016-04-01,Friday,1 days 00:00:00.000000000,595 days 00:00:00.000000000,Shoulders,Overhead Press,6707.0,8.6,1.0,21
105,2016-04-05,Tuesday,4 days 00:00:00.000000000,14 days 00:00:00.000000000,Legs,Barbell Squat,24300.0,10.833333333333334,1.0,21
106,2016-04-12,Tuesday,7 days 00:00:00.000000000,19 days 00:00:00.000000000,Chest,Flat Barbell Bench Press,9815.0,8.642857142857142,1.0,21
107,2016-04-13,Wednesday,1 days 00:00:00.000000000,13 days 00:00:00.000000000,Back,Lat Pulldown,13690.0,5.958333333333333,1.0,21
108,2016-04-15,Friday,2 days 00:00:00.000000000,10 days 00:00:00.000000000,Legs,Barbell Squat,26055.0,11.647058823529411,1.0,21
109,2016-04-16,Saturday,1 days 00:00:00.000000000,3 days 00:00:00.000000000,Back,Barbell Shrug,12940.0,8.944444444444445,1.0,21
110,2016-04-19,Tuesday,3 days 00:00:00.000000000,4 days 00:00:00.000000000,Legs,Barbell Squat,27830.0,11.0,1.0,21
111,2016-04-22,Friday,3 days 00:00:00.000000000,10 days 00:00:00.000000000,Chest,Flat Barbell Bench Press,8155.0,7.3,1.0,21
112,2016-04-23,Saturday,1 days 00:00:00.000000000,7 days 00:00:00.000000000,Back,Lat Pulldown,7490.0,8.222222222222221,1.0,21
113,2016-04-24,Sunday,1 days 00:00:00.000000000,23 days 00:00:00.000000000,Shoulders,Overhead Press,4440.0,8.0,1.0,21
114,2016-05-03,Tuesday,9 days 00:00:00.000000000,14 days 00:00:00.000000000,Legs,Barbell Squat,28755.0,11.0,1.0,21
115,2016-05-16,Monday,13 days 00:00:00.000000000,13 days 00:00:00.000000000,Legs,Barbell Squat,24230.0,11.125,1.0,21
116,2016-05-17,Tuesday,1 days 00:00:00.000000000,25 days 00:00:00.000000000,Chest,Flat Barbell Bench Press,14815.0,8.666666666666666,1.0,21
117,2016-05-18,Wednesday,1 days 00:00:00.000000000,25 days 00:00:00.000000000,Back,Lat Pulldown,17315.0,9.090909090909092,1.0,21
118,2016-05-20,Friday,2 days 00:00:00.000000000,26 days 00:00:00.000000000,Shoulders,Overhead Press,4630.0,9.25,1.0,21
119,2016-05-23,Monday,3 days 00:00:00.000000000,151 days 00:00:00.000000000,Cardio,Cardio,0.0,,1.0,21
120,2016-05-24,Tuesday,1 days 00:00:00.000000000,7 days 00:00:00.000000000,Chest,Flat Barbell Bench Press,14190.0,8.4,1.0,21
121,2016-05-25,Wednesday,1 days 00:00:00.000000000,9 days 00:00:00.000000000,Legs,Barbell Squat,24600.0,10.9375,1.0,21
122,2016-05-26,Thursday,1 days 00:00:00.000000000,3 days 00:00:00.000000000,Cardio,Cardio,0.0,,1.0,21
123,2016-06-01,Wednesday,6 days 00:00:00.000000000,14 days 00:00:00.000000000,Back,Lat Pulldown,18010.0,9.857142857142858,1.0,21
124,2016-06-04,Saturday,3 days 00:00:00.000000000,11 days 00:00:00.000000000,Chest,Flat Barbell Bench Press,13895.0,8.125,1.0,21
125,2016-06-06,Monday,2 days 00:00:00.000000000,5 days 00:00:00.000000000,Back,Barbell Shrug,21000.0,12.0,1.0,21
126,2016-06-08,Wednesday,2 days 00:00:00.000000000,14 days 00:00:00.000000000,Legs,Barbell Squat,29531.0,10.45,1.0,21
127,2016-06-10,Friday,2 days 00:00:00.000000000,4 days 00:00:00.000000000,Back,Lat Pulldown,17010.0,9.65,1.0,21
128,2016-06-11,Saturday,1 days 00:00:00.000000000,7 days 00:00:00.000000000,Chest,Flat Barbell Bench Press,3450.0,5.0,1.0,21
129,2016-06-13,Monday,2 days 00:00:00.000000000,24 days 00:00:00.000000000,Shoulders,Overhead Press,7041.0,9.214285714285714,1.0,21
130,2016-06-16,Thursday,3 days 00:00:00.000000000,8 days 00:00:00.000000000,Legs,Barbell Squat,33170.0,10.523809523809524,1.0,21
131,2016-06-18,Saturday,2 days 00:00:00.000000000,7 days 00:00:00.000000000,Chest,Flat Barbell Bench Press,18685.0,8.0,1.0,21
132,2016-06-22,Wednesday,4 days 00:00:00.000000000,12 days 00:00:00.000000000,Back,Close Grip Barbell Bench Press,20630.0,7.958333333333333,1.0,21
133,2016-06-23,Thursday,1 days 00:00:00.000000000,1 days 00:00:00.000000000,Back,Lat Pulldown,11931.0,9.0,1.0,21
134,2016-06-24,Friday,1 days 00:00:00.000000000,8 days 00:00:00.000000000,Legs,Barbell Squat,8325.0,4.875,1.0,21
135,2016-06-25,Saturday,1 days 00:00:00.000000000,7 days 00:00:00.000000000,Chest,Deadlift,23130.0,5.695652173913044,1.0,21
136,2016-06-29,Wednesday,4 days 00:00:00.000000000,6 days 00:00:00.000000000,Back,Close Grip Barbell Bench Press,17040.0,12.75,1.0,21
137,2016-06-30,Thursday,1 days 00:00:00.000000000,6 days 00:00:00.000000000,Legs,Dumbbell Calf Raise,38750.0,14.62962962962963,1.0,21
138,2016-07-01,Friday,1 days 00:00:00.000000000,2 days 00:00:00.000000000,Back,Lat Pulldown,18400.0,13.333333333333334,1.0,21
139,2016-07-02,Saturday,1 days 00:00:00.000000000,7 days 00:00:00.000000000,Chest,Flat Barbell Bench Press,11675.0,11.818181818181818,1.0,21
140,2016-07-04,Monday,2 days 00:00:00.000000000,2 days 00:00:00.000000000,Chest,Close Grip Barbell Bench Press,9700.0,4.529411764705882,1.0,21
141,2016-07-05,Tuesday,1 days 00:00:00.000000000,5 days 00:00:00.000000000,Legs,Barbell Squat,45101.0,8.84375,1.0,21
142,2016-07-06,Wednesday,1 days 00:00:00.000000000,5 days 00:00:00.000000000,Back,Lat Pulldown,21535.0,7.884615384615385,1.0,21
143,2016-07-09,Saturday,3 days 00:00:00.000000000,5 days 00:00:00.000000000,Chest,Flat Barbell Bench Press,7685.0,3.1538461538461537,1.0,21
144,2016-07-11,Monday,2 days 00:00:00.000000000,5 days 00:00:00.000000000,Back,Barbell Shrug,22130.0,8.962962962962964,1.0,21
145,2016-07-14,Thursday,3 days 00:00:00.000000000,9 days 00:00:00.000000000,Legs,Deadlift,31745.0,8.631578947368421,1.0,21
146,2016-07-15,Friday,1 days 00:00:00.000000000,4 days 00:00:00.000000000,Back,Seated Cable Row,11375.0,6.578947368421052,1.0,21
147,2016-07-16,Saturday,1 days 00:00:00.000000000,7 days 00:00:00.000000000,Chest,Flat Barbell Bench Press,21736.0,8.782608695652174,1.0,21
148,2016-07-18,Monday,2 days 00:00:00.000000000,35 days 00:00:00.000000000,Shoulders,Overhead Press,4965.0,5.111111111111111,1.0,21
149,2016-07-19,Tuesday,1 days 00:00:00.000000000,5 days 00:00:00.000000000,Legs,Deadlift,47890.0,9.620689655172415,1.0,21
150,2016-07-22,Friday,3 days 00:00:00.000000000,0 days 00:00:00.000000000,Forearms,Forearm Curls,4000.0,20.0,1.0,21
151,2016-07-25,Monday,3 days 00:00:00.000000000,6 days 00:00:00.000000000,Legs,Deadlift,47425.0,9.137931034482758,1.0,21
152,2016-07-27,Wednesday,2 days 00:00:00.000000000,12 days 00:00:00.000000000,Back,Barbell Shrug,12760.0,8.0,1.0,21
153,2016-07-28,Thursday,1 days 00:00:00.000000000,6 days 00:00:00.000000000,Forearms,Forearm Curls,2500.0,20.0,1.0,21
154,2016-08-02,Tuesday,5 days 00:00:00.000000000,8 days 00:00:00.000000000,Legs,Deadlift,50255.0,9.1,1.0,21
155,2016-08-03,Wednesday,1 days 00:00:00.000000000,7 days 00:00:00.000000000,Back,Seated Cable Row,10625.0,10.476190476190476,1.0,21
156,2016-08-06,Saturday,3 days 00:00:00.000000000,21 days 00:00:00.000000000,Chest,Flat Barbell Bench Press,7375.0,5.0,1.0,21
157,2016-08-08,Monday,2 days 00:00:00.000000000,5 days 00:00:00.000000000,Back,Barbell Shrug,18755.0,9.533333333333333,1.0,21
158,2016-08-09,Tuesday,1 days 00:00:00.000000000,7 days 00:00:00.000000000,Legs,Barbell Squat,41240.0,10.181818181818182,1.0,21
159,2016-08-10,Wednesday,1 days 00:00:00.000000000,23 days 00:00:00.000000000,Shoulders,Rear Delt Machine Fly,8910.0,10.842105263157896,1.0,21
160,2016-08-12,Friday,2 days 00:00:00.000000000,6 days 00:00:00.000000000,Chest,Flat Barbell Bench Press,22665.0,9.791666666666666,1.0,21
161,2016-08-15,Monday,3 days 00:00:00.000000000,6 days 00:00:00.000000000,Legs,Barbell Squat,41830.0,10.571428571428571,1.0,21
162,2016-08-16,Tuesday,1 days 00:00:00.000000000,8 days 00:00:00.000000000,Back,Barbell Shrug,12210.0,8.8,1.0,21
163,2016-08-17,Wednesday,1 days 00:00:00.000000000,7 days 00:00:00.000000000,Shoulders,Rear Delt Machine Fly,5665.0,7.571428571428571,1.0,21
164,2016-08-22,Monday,5 days 00:00:00.000000000,10 days 00:00:00.000000000,Chest,Flat Barbell Bench Press,19535.0,8.9,1.0,21
165,2016-08-24,Wednesday,2 days 00:00:00.000000000,9 days 00:00:00.000000000,Legs,Barbell Squat,47500.0,10.275862068965518,1.0,21
166,2016-08-25,Thursday,1 days 00:00:00.000000000,9 days 00:00:00.000000000,Back,Barbell Shrug,19510.0,8.352941176470589,1.0,21
167,2016-08-27,Saturday,2 days 00:00:00.000000000,5 days 00:00:00.000000000,Chest,Flat Barbell Bench Press,8580.0,5.666666666666667,1.0,21
168,2016-08-30,Tuesday,3 days 00:00:00.000000000,13 days 00:00:00.000000000,Shoulders,Overhead Press,4329.0,6.083333333333333,1.0,21
169,2016-09-01,Thursday,2 days 00:00:00.000000000,8 days 00:00:00.000000000,Legs,Barbell Squat,32150.0,10.428571428571429,1.0,21
170,2016-09-02,Friday,1 days 00:00:00.000000000,6 days 00:00:00.000000000,Chest,Flat Barbell Bench Press,11785.0,8.142857142857142,1.0,21
171,2016-09-05,Monday,3 days 00:00:00.000000000,6 days 00:00:00.000000000,Shoulders,Overhead Press,5284.0,7.2727272727272725,1.0,21
172,2016-09-07,Wednesday,2 days 00:00:00.000000000,6 days 00:00:00.000000000,Legs,Barbell Squat,36235.0,10.217391304347826,1.0,21
173,2016-09-10,Saturday,3 days 00:00:00.000000000,8 days 00:00:00.000000000,Chest,Flat Barbell Bench Press,12310.0,6.92,1.0,21
174,2016-09-12,Monday,2 days 00:00:00.000000000,7 days 00:00:00.000000000,Shoulders,Overhead Press,6415.0,7.833333333333333,1.0,21
175,2016-09-15,Thursday,3 days 00:00:00.000000000,8 days 00:00:00.000000000,Legs,Barbell Squat,36158.0,10.772727272727273,1.0,21
176,2016-09-19,Monday,4 days 00:00:00.000000000,7 days 00:00:00.000000000,Shoulders,Overhead Press,6792.0,7.666666666666667,1.0,21
177,2016-09-20,Tuesday,1 days 00:00:00.000000000,5 days 00:00:00.000000000,Legs,Barbell Squat,37006.0,10.909090909090908,1.0,21
178,2016-09-26,Monday,6 days 00:00:00.000000000,7 days 00:00:00.000000000,Shoulders,Overhead Press,7027.0,7.944444444444445,1.0,21
179,2016-09-30,Friday,4 days 00:00:00.000000000,10 days 00:00:00.000000000,Legs,Barbell Squat,16120.0,7.714285714285714,1.0,21
180,2016-10-01,Saturday,1 days 00:00:00.000000000,65 days 00:00:00.000000000,Forearms,Dumbbell Hammer Curl,3120.0,10.714285714285714,1.0,21
181,2016-10-03,Monday,2 days 00:00:00.000000000,263 days 00:00:00.000000000,Abs,Undefined Ab Workout,1.0,1.0,1.0,21
182,2016-10-06,Thursday,3 days 00:00:00.000000000,6 days 00:00:00.000000000,Legs,Barbell Squat,8551.0,8.5,1.0,21
183,2016-10-08,Saturday,2 days 00:00:00.000000000,5 days 00:00:00.000000000,Abs,Undefined Ab Workout,1.0,1.0,1.0,21
184,2016-10-17,Monday,9 days 00:00:00.000000000,21 days 00:00:00.000000000,Shoulders,Standing Rear Delt Dumbbell Raise,621.0,7.285714285714286,1.0,21
185,2016-10-21,Friday,4 days 00:00:00.000000000,15 days 00:00:00.000000000,Legs,Barbell Squat,8526.0,4.222222222222222,1.0,21
186,2016-10-22,Saturday,1 days 00:00:00.000000000,42 days 00:00:00.000000000,Chest,Flat Barbell Bench Press,7531.0,4.923076923076923,1.0,21
187,2016-10-24,Monday,2 days 00:00:00.000000000,7 days 00:00:00.000000000,Shoulders,Standing Rear Delt Dumbbell Raise,776.0,8.0,1.0,21
188,2016-10-28,Friday,4 days 00:00:00.000000000,7 days 00:00:00.000000000,Legs,Barbell Squat,9041.0,6.090909090909091,1.0,21
189,2016-10-29,Saturday,1 days 00:00:00.000000000,21 days 00:00:00.000000000,Abs,Undefined Ab Workout,2.0,1.0,1.0,21
190,2016-10-31,Monday,2 days 00:00:00.000000000,67 days 00:00:00.000000000,Back,Dumbbell Row,1629.0,7.375,1.0,21
191,2016-11-04,Friday,4 days 00:00:00.000000000,6 days 00:00:00.000000000,Abs,Undefined Ab Workout,1.0,1.0,1.0,21
192,2016-11-05,Saturday,1 days 00:00:00.000000000,8 days 00:00:00.000000000,Legs,Barbell Squat,3341.0,3.8,1.0,21
193,2016-11-11,Friday,6 days 00:00:00.000000000,11 days 00:00:00.000000000,Back,Undefined Ab Workout,28.0,7.0,1.0,21
194,2016-11-14,Monday,3 days 00:00:00.000000000,10 days 00:00:00.000000000,Abs,Undefined Ab Workout,2.0,1.0,1.0,21
195,2016-11-18,Friday,4 days 00:00:00.000000000,4 days 00:00:00.000000000,Abs,Undefined Ab Workout,2.0,1.0,1.0,21
196,2016-11-21,Monday,3 days 00:00:00.000000000,612 days 00:00:00.000000000,Cooldown,Cooldown And Stretch,1.0,1.0,1.0,21
197,2016-11-28,Monday,7 days 00:00:00.000000000,17 days 00:00:00.000000000,Back,Lat Pulldown,2920.0,10.0,1.0,21
198,2016-12-03,Saturday,5 days 00:00:00.000000000,5 days 00:00:00.000000000,Back,Seated Cable Row Squeezes,3751.0,9.1,1.0,21
199,2016-12-06,Tuesday,3 days 00:00:00.000000000,3 days 00:00:00.000000000,Back,Straight Shoulder Retractiom On Swiss Ball,182.0,8.714285714285714,0.5714285714285714,21
200,2016-12-08,Thursday,2 days 00:00:00.000000000,2 days 00:00:00.000000000,Back,Lat Pulldown,3428.0,9.857142857142858,1.0,21
201,2016-12-11,Sunday,3 days 00:00:00.000000000,3 days 00:00:00.000000000,Back,Seated Cable Row Squeezes,4352.0,8.363636363636363,1.0,21
202,2016-12-13,Tuesday,2 days 00:00:00.000000000,2 days 00:00:00.000000000,Back,Straight Shoulder Retractiom On Swiss Ball,182.0,8.714285714285714,0.5714285714285714,21
203,2016-12-17,Saturday,4 days 00:00:00.000000000,4 days 00:00:00.000000000,Back,Lat Pulldown,3534.0,10.357142857142858,0.9285714285714286,21
204,2016-12-28,Wednesday,11 days 00:00:00.000000000,11 days 00:00:00.000000000,Back,Straight Shoulder Retractiom On Swiss Ball,301.0,9.307692307692308,0.5384615384615384,21
205,2016-12-30,Friday,2 days 00:00:00.000000000,2 days 00:00:00.000000000,Back,Seated Cable Row Squeezes,4876.0,9.1,1.0,21
206,2017-01-02,Monday,3 days 00:00:00.000000000,3 days 00:00:00.000000000,Back,Lat Pulldown,3763.0,11.384615384615385,1.0,22
207,2017-01-04,Wednesday,2 days 00:00:00.000000000,2 days 00:00:00.000000000,Back,Straight Shoulder Retractiom On Swiss Ball,351.0,9.307692307692308,0.5384615384615384,22
208,2017-01-23,Monday,19 days 00:00:00.000000000,93 days 00:00:00.000000000,Chest,Flat Dumbbell Bench Press,4790.0,9.0,1.0,22
209,2017-01-25,Wednesday,2 days 00:00:00.000000000,116 days 00:00:00.000000000,Forearms,Reverse Cable Curl,2615.0,6.421052631578948,1.0,22
210,2017-01-28,Saturday,3 days 00:00:00.000000000,71 days 00:00:00.000000000,Abs,Oblique Curls,5520.0,8.666666666666666,1.0,22
211,2017-01-30,Monday,2 days 00:00:00.000000000,26 days 00:00:00.000000000,Back,Dumbbell Row,6022.0,8.666666666666666,1.0,22
212,2017-02-02,Thursday,3 days 00:00:00.000000000,3 days 00:00:00.000000000,Back,Dumbbell Hammer Curl,1980.0,6.125,1.0,22
213,2017-02-04,Saturday,2 days 00:00:00.000000000,7 days 00:00:00.000000000,Abs,Oblique Curls,5505.0,8.25,1.0,22
214,2017-02-06,Monday,2 days 00:00:00.000000000,4 days 00:00:00.000000000,Back,Dumbbell Row,6510.0,8.133333333333333,1.0,22
215,2017-02-09,Thursday,3 days 00:00:00.000000000,3 days 00:00:00.000000000,Back,Lat Pulldown,7735.0,7.076923076923077,1.0,22
216,2017-02-11,Saturday,2 days 00:00:00.000000000,7 days 00:00:00.000000000,Abs,Oblique Curls,6090.0,8.5,1.0,22
217,2017-02-14,Tuesday,3 days 00:00:00.000000000,22 days 00:00:00.000000000,Chest,Flat Dumbbell Bench Press,5220.0,12.0,1.0,22
218,2017-02-20,Monday,6 days 00:00:00.000000000,11 days 00:00:00.000000000,Back,Lat Pulldown,6344.0,10.461538461538462,1.0,22
219,2017-02-25,Saturday,5 days 00:00:00.000000000,14 days 00:00:00.000000000,Abs,Oblique Curls,4440.0,9.142857142857142,1.0,22
220,2017-03-01,Wednesday,4 days 00:00:00.000000000,9 days 00:00:00.000000000,Back,Dumbbell Row,6526.0,7.714285714285714,1.0,22
221,2017-03-07,Tuesday,6 days 00:00:00.000000000,6 days 00:00:00.000000000,Back,Lat Pulldown,7736.0,6.851851851851852,1.0,22
222,2017-03-13,Monday,6 days 00:00:00.000000000,16 days 00:00:00.000000000,Abs,Oblique Curls,6821.0,8.357142857142858,1.0,22
223,2017-03-15,Wednesday,2 days 00:00:00.000000000,8 days 00:00:00.000000000,Back,Dumbbell Row,4626.0,8.909090909090908,1.0,22
224,2017-03-17,Friday,2 days 00:00:00.000000000,2 days 00:00:00.000000000,Back,Lat Pulldown,7451.0,6.793103448275862,1.0,22
225,2017-03-20,Monday,3 days 00:00:00.000000000,7 days 00:00:00.000000000,Abs,Oblique Curls,4081.0,6.777777777777778,1.0,22
226,2017-03-22,Wednesday,2 days 00:00:00.000000000,36 days 00:00:00.000000000,Chest,Flat Dumbbell Bench Press,8001.0,7.588235294117647,1.0,22
227,2017-03-24,Friday,2 days 00:00:00.000000000,7 days 00:00:00.000000000,Back,Lat Pulldown,8351.0,7.137931034482759,1.0,22
228,2017-04-03,Monday,10 days 00:00:00.000000000,149 days 00:00:00.000000000,Legs,Dumbbell Calf Raise,23045.0,8.833333333333334,1.0,22
229,2017-04-07,Friday,4 days 00:00:00.000000000,16 days 00:00:00.000000000,Chest,Flat Barbell Bench Press,9120.0,7.3,0.6,22
230,2017-04-09,Sunday,2 days 00:00:00.000000000,16 days 00:00:00.000000000,Back,Decline Dumbbell Curls,2465.0,6.190476190476191,1.0,22
231,2017-04-14,Friday,5 days 00:00:00.000000000,7 days 00:00:00.000000000,Chest,Flat Barbell Bench Press,10525.0,6.6,1.0,22
232,2017-04-19,Wednesday,5 days 00:00:00.000000000,177 days 00:00:00.000000000,Shoulders,Decline Dumbbell Curls,2806.0,6.666666666666667,1.0,22
233,2017-04-22,Saturday,3 days 00:00:00.000000000,8 days 00:00:00.000000000,Chest,Flat Barbell Bench Press,5630.0,4.285714285714286,1.0,22
234,2017-04-29,Saturday,7 days 00:00:00.000000000,20 days 00:00:00.000000000,Back,Lat Pulldown Pronated,6221.0,6.7,1.0,22
235,2017-05-01,Monday,2 days 00:00:00.000000000,2 days 00:00:00.000000000,Back,Flat Barbell Bench Press,19596.0,6.791666666666667,1.0,22
236,2017-05-07,Sunday,6 days 00:00:00.000000000,48 days 00:00:00.000000000,Abs,Undefined Ab Workout,2.0,1.0,1.0,22
237,2017-05-09,Tuesday,2 days 00:00:00.000000000,8 days 00:00:00.000000000,Back,Lat Pulldown Pronated,6456.0,6.809523809523809,1.0,22
238,2017-05-13,Saturday,4 days 00:00:00.000000000,4 days 00:00:00.000000000,Back,Flat Barbell Bench Press,21135.0,8.208333333333334,1.0,22
239,2017-05-18,Thursday,5 days 00:00:00.000000000,5 days 00:00:00.000000000,Back,Lat Pulldown Pronated,6950.0,7.65,1.0,22
240,2017-05-20,Saturday,2 days 00:00:00.000000000,2 days 00:00:00.000000000,Back,Flat Barbell Bench Press,12490.0,5.923076923076923,0.9230769230769231,22
241,2017-05-31,Wednesday,11 days 00:00:00.000000000,39 days 00:00:00.000000000,Chest,Flat Barbell Bench Press,12741.0,6.7368421052631575,1.0,22
242,2017-06-02,Friday,2 days 00:00:00.000000000,13 days 00:00:00.000000000,Back,Lat Pulldown Pronated,7311.0,7.7,1.0,22
243,2017-06-06,Tuesday,4 days 00:00:00.000000000,30 days 00:00:00.000000000,Abs,Undefined Ab Workout,2.0,1.0,1.0,22
244,2017-06-15,Thursday,9 days 00:00:00.000000000,73 days 00:00:00.000000000,Legs,Seated Calf Raise Machine,9000.0,16.833333333333332,0.8333333333333334,22
245,2017-06-16,Friday,1 days 00:00:00.000000000,207 days 00:00:00.000000000,Cooldown,Cooldown And Stretch,1.0,1.0,0.5,22
246,2017-06-17,Saturday,1 days 00:00:00.000000000,17 days 00:00:00.000000000,Chest,Flat Barbell Bench Press,11836.0,6.0,1.0,22
247,2017-06-19,Monday,2 days 00:00:00.000000000,17 days 00:00:00.000000000,Back,Lat Pulldown Pronated,7590.0,7.526315789473684,1.0,22
248,2017-06-28,Wednesday,9 days 00:00:00.000000000,11 days 00:00:00.000000000,Chest,Flat Barbell Bench Press,9440.0,6.181818181818182,1.0,22
249,2017-06-30,Friday,2 days 00:00:00.000000000,11 days 00:00:00.000000000,Back,Lat Pulldown Pronated,7166.0,7.388888888888889,1.0,22
250,2017-07-07,Friday,7 days 00:00:00.000000000,9 days 00:00:00.000000000,Chest,Flat Barbell Bench Press,11230.0,5.785714285714286,0.9285714285714286,22
251,2017-07-10,Monday,3 days 00:00:00.000000000,82 days 00:00:00.000000000,Shoulders,Chin Up,3121.0,7.266666666666667,0.9333333333333333,22
252,2017-07-17,Monday,7 days 00:00:00.000000000,10 days 00:00:00.000000000,Chest,Flat Barbell Bench Press,11520.0,5.785714285714286,0.9285714285714286,22
253,2017-07-24,Monday,7 days 00:00:00.000000000,24 days 00:00:00.000000000,Back,Lat Pulldown Pronated,7636.0,7.444444444444445,1.0,22
254,2017-07-26,Wednesday,2 days 00:00:00.000000000,9 days 00:00:00.000000000,Chest,Seated Machine Fly,16620.0,12.0,1.0,22
255,2017-08-01,Tuesday,6 days 00:00:00.000000000,22 days 00:00:00.000000000,Shoulders,Pull Up,2965.0,7.235294117647059,0.9411764705882353,22
256,2017-08-04,Friday,3 days 00:00:00.000000000,9 days 00:00:00.000000000,Chest,Flat Barbell Bench Press,11865.0,5.714285714285714,1.0,22
257,2017-08-07,Monday,3 days 00:00:00.000000000,6 days 00:00:00.000000000,Shoulders,Pull Up,3437.5,7.823529411764706,1.0,22
258,2017-08-09,Wednesday,2 days 00:00:00.000000000,5 days 00:00:00.000000000,Chest,Flat Barbell Bench Press,11620.0,4.875,0.9375,22
259,2017-08-14,Monday,5 days 00:00:00.000000000,7 days 00:00:00.000000000,Shoulders,Pull Up,3500.0,8.0,1.0,22
260,2017-08-17,Thursday,3 days 00:00:00.000000000,8 days 00:00:00.000000000,Chest,Flat Barbell Bench Press,20990.0,8.75,1.0,22
261,2017-09-11,Monday,25 days 00:00:00.000000000,49 days 00:00:00.000000000,Back,Flat Barbell Bench Press,13710.0,6.571428571428571,1.0,22
262,2017-09-13,Wednesday,2 days 00:00:00.000000000,30 days 00:00:00.000000000,Shoulders,Pull Up,2635.0,8.23076923076923,1.0,22
263,2017-09-14,Thursday,1 days 00:00:00.000000000,91 days 00:00:00.000000000,Legs,One-Legged Dumbbell Deadlift,1640.0,8.0,1.0,22
264,2017-09-18,Monday,4 days 00:00:00.000000000,7 days 00:00:00.000000000,Back,Flat Barbell Bench Press,13710.0,6.769230769230769,1.0,22
265,2017-09-20,Wednesday,2 days 00:00:00.000000000,2 days 00:00:00.000000000,Back,Pull Up,2761.0,7.714285714285714,1.0,22
266,2017-09-25,Monday,5 days 00:00:00.000000000,111 days 00:00:00.000000000,Abs,Undefined Ab Workout,2.0,1.0,1.0,22
267,2017-09-27,Wednesday,2 days 00:00:00.000000000,13 days 00:00:00.000000000,Legs,One-Legged Dumbbell Deadlift,2449.0,7.461538461538462,1.0,22
268,2017-09-28,Thursday,1 days 00:00:00.000000000,8 days 00:00:00.000000000,Back,Pull Up,2780.0,5.533333333333333,1.0,22
269,2017-09-29,Friday,1 days 00:00:00.000000000,1 days 00:00:00.000000000,Back,Flat Barbell Bench Press,15310.0,7.222222222222222,1.0,22
270,2017-10-02,Monday,3 days 00:00:00.000000000,7 days 00:00:00.000000000,Abs,Undefined Ab Workout,1.0,1.0,1.0,22
271,2017-10-04,Wednesday,2 days 00:00:00.000000000,21 days 00:00:00.000000000,Shoulders,Pull Up,3230.0,6.5,0.9285714285714286,22
272,2017-10-05,Thursday,1 days 00:00:00.000000000,8 days 00:00:00.000000000,Legs,One-Legged Dumbbell Deadlift,2128.0,8.0,1.0,22
273,2017-10-06,Friday,1 days 00:00:00.000000000,7 days 00:00:00.000000000,Back,Flat Barbell Bench Press,11896.0,5.285714285714286,1.0,22
274,2017-10-09,Monday,3 days 00:00:00.000000000,7 days 00:00:00.000000000,Abs,Undefined Ab Workout,1.0,1.0,1.0,22
275,2017-10-11,Wednesday,2 days 00:00:00.000000000,7 days 00:00:00.000000000,Shoulders,Pull Up,3755.0,6.857142857142857,0.9285714285714286,22
276,2017-10-12,Thursday,1 days 00:00:00.000000000,7 days 00:00:00.000000000,Legs,One-Legged Dumbbell Deadlift,2850.0,7.615384615384615,0.9230769230769231,22
277,2017-10-13,Friday,1 days 00:00:00.000000000,7 days 00:00:00.000000000,Back,Flat Barbell Bench Press,15360.0,6.5,1.0,22
278,2017-10-16,Monday,3 days 00:00:00.000000000,7 days 00:00:00.000000000,Abs,Undefined Ab Workout,2.0,1.0,1.0,22
279,2017-10-18,Wednesday,2 days 00:00:00.000000000,7 days 00:00:00.000000000,Shoulders,Pull Up,4056.0,6.857142857142857,1.0,22
280,2017-10-19,Thursday,1 days 00:00:00.000000000,6 days 00:00:00.000000000,Back,Deadlift,9145.0,6.3076923076923075,0.9230769230769231,22
281,2017-10-20,Friday,1 days 00:00:00.000000000,1 days 00:00:00.000000000,Back,Lat Pulldown Pronated,13416.0,4.4375,1.0,22
282,2017-10-25,Wednesday,5 days 00:00:00.000000000,7 days 00:00:00.000000000,Shoulders,Pull Up,3920.0,6.846153846153846,0.9230769230769231,22
283,2017-10-26,Thursday,1 days 00:00:00.000000000,6 days 00:00:00.000000000,Back,Lat Pulldown Pronated,13996.0,4.0588235294117645,1.0,22
284,2017-10-30,Monday,4 days 00:00:00.000000000,14 days 00:00:00.000000000,Abs,Undefined Ab Workout,1.0,1.0,1.0,22
285,2017-11-03,Friday,4 days 00:00:00.000000000,78 days 00:00:00.000000000,Chest,Flat Barbell Bench Press,3505.0,3.8,1.0,22
286,2017-11-06,Monday,3 days 00:00:00.000000000,7 days 00:00:00.000000000,Abs,Undefined Ab Workout,1.0,1.0,1.0,22
287,2017-11-08,Wednesday,2 days 00:00:00.000000000,14 days 00:00:00.000000000,Shoulders,Pull Up,4526.0,6.785714285714286,1.0,22
288,2017-11-10,Friday,2 days 00:00:00.000000000,15 days 00:00:00.000000000,Back,Lat Pulldown Pronated,12416.0,4.846153846153846,1.0,22
289,2017-11-13,Monday,3 days 00:00:00.000000000,7 days 00:00:00.000000000,Abs,Undefined Ab Workout,2.0,1.0,1.0,22
290,2017-11-16,Thursday,3 days 00:00:00.000000000,8 days 00:00:00.000000000,Shoulders,Pull Up,2730.0,6.777777777777778,0.8888888888888888,22
291,2017-11-17,Friday,1 days 00:00:00.000000000,7 days 00:00:00.000000000,Back,Lat Pulldown Pronated,12415.0,5.166666666666667,1.0,22
292,2017-11-29,Wednesday,12 days 00:00:00.000000000,26 days 00:00:00.000000000,Chest,Flat Barbell Bench Press,5380.0,5.5,1.0,22
293,2017-12-08,Friday,9 days 00:00:00.000000000,21 days 00:00:00.000000000,Back,Flat Barbell Bench Press,16736.0,5.75,1.0,22
294,2017-12-11,Monday,3 days 00:00:00.000000000,178 days 00:00:00.000000000,Cooldown,Cooldown And Stretch,1.0,1.0,1.0,22
295,2017-12-19,Tuesday,8 days 00:00:00.000000000,11 days 00:00:00.000000000,Back,Flat Barbell Bench Press,15451.0,7.166666666666667,1.0,22
296,2017-12-20,Wednesday,1 days 00:00:00.000000000,1 days 00:00:00.000000000,Back,Flat Barbell Bench Press,15916.0,6.6923076923076925,1.0,22
297,2017-12-21,Thursday,1 days 00:00:00.000000000,38 days 00:00:00.000000000,Abs,Undefined Ab Workout,2.0,1.0,1.0,22
298,2017-12-27,Wednesday,6 days 00:00:00.000000000,7 days 00:00:00.000000000,Back,Lat Pulldown Pronated,11086.0,5.0,1.0,22
299,2017-12-28,Thursday,1 days 00:00:00.000000000,42 days 00:00:00.000000000,Shoulders,Incline Dumbbell Press Yoga Ball,3166.0,9.692307692307692,1.0,22
300,2018-01-01,Monday,4 days 00:00:00.000000000,81 days 00:00:00.000000000,Legs,Leg Press,14500.0,9.181818181818182,0.9090909090909091,23
301,2018-01-03,Wednesday,2 days 00:00:00.000000000,35 days 00:00:00.000000000,Chest,Flat Barbell Bench Press,11736.0,9.307692307692308,1.0,23
302,2018-01-04,Thursday,1 days 00:00:00.000000000,8 days 00:00:00.000000000,Back,Hammer Strength Row,9041.0,9.5625,1.0,23
303,2018-01-08,Monday,4 days 00:00:00.000000000,5 days 00:00:00.000000000,Chest,Flat Barbell Bench Press,16201.0,12.045454545454545,1.0,23
304,2018-01-11,Thursday,3 days 00:00:00.000000000,7 days 00:00:00.000000000,Back,Dumbbell Row,2430.0,7.5,0.9,23
305,2018-01-19,Friday,8 days 00:00:00.000000000,11 days 00:00:00.000000000,Chest,Flat Barbell Bench Press,16336.0,12.090909090909092,1.0,23
306,2018-01-22,Monday,3 days 00:00:00.000000000,21 days 00:00:00.000000000,Legs,Leg Press,15301.0,11.5,0.7857142857142857,23
307,2018-01-23,Tuesday,1 days 00:00:00.000000000,12 days 00:00:00.000000000,Back,Dumbbell Row,1780.0,5.888888888888889,0.8888888888888888,23
308,2018-01-24,Wednesday,1 days 00:00:00.000000000,34 days 00:00:00.000000000,Abs,Undefined Ab Workout,2.0,1.0,1.0,23
309,2018-01-26,Friday,2 days 00:00:00.000000000,7 days 00:00:00.000000000,Chest,Flat Barbell Bench Press,8715.0,7.230769230769231,0.9230769230769231,23
310,2018-01-29,Monday,3 days 00:00:00.000000000,6 days 00:00:00.000000000,Back,Deadlift,10920.0,6.538461538461538,0.9230769230769231,23
311,2018-01-30,Tuesday,1 days 00:00:00.000000000,1 days 00:00:00.000000000,Back,Dumbbell Row,2767.5,6.8125,1.0,23
312,2018-02-01,Thursday,2 days 00:00:00.000000000,6 days 00:00:00.000000000,Chest,Flat Barbell Bench Press,11450.0,7.857142857142857,1.0,23
313,2018-02-02,Friday,1 days 00:00:00.000000000,11 days 00:00:00.000000000,Legs,Leg Press,14250.0,10.0,1.0,23
314,2018-02-05,Monday,3 days 00:00:00.000000000,6 days 00:00:00.000000000,Back,Lat Pulldown,2976.0,5.75,1.0,23
315,2018-02-09,Friday,4 days 00:00:00.000000000,8 days 00:00:00.000000000,Chest,Flat Barbell Bench Press,7501.0,4.7,1.0,23
316,2018-02-13,Tuesday,4 days 00:00:00.000000000,11 days 00:00:00.000000000,Legs,Leg Press,15600.0,13.409090909090908,0.45454545454545453,23
317,2018-02-19,Monday,6 days 00:00:00.000000000,14 days 00:00:00.000000000,Back,Hammer Strength Row,12777.5,7.275862068965517,1.0,23
318,2018-02-20,Tuesday,1 days 00:00:00.000000000,11 days 00:00:00.000000000,Chest,Flat Barbell Bench Press,11055.0,6.866666666666666,1.0,23
319,2018-02-26,Monday,6 days 00:00:00.000000000,7 days 00:00:00.000000000,Back,Dumbbell Row,2246.0,6.0,1.0,23
320,2018-02-27,Tuesday,1 days 00:00:00.000000000,7 days 00:00:00.000000000,Chest,Flat Barbell Bench Press,7131.0,4.666666666666667,1.0,23
321,2018-02-28,Wednesday,1 days 00:00:00.000000000,15 days 00:00:00.000000000,Legs,Leg Press,14825.0,12.083333333333334,0.5,23
322,2018-03-05,Monday,5 days 00:00:00.000000000,7 days 00:00:00.000000000,Back,Pull Up,752.5,4.625,0.875,23
323,2018-03-06,Tuesday,1 days 00:00:00.000000000,7 days 00:00:00.000000000,Chest,Flat Barbell Bench Press,7205.0,4.666666666666667,0.8888888888888888,23
324,2018-03-12,Monday,6 days 00:00:00.000000000,7 days 00:00:00.000000000,Back,Pull Up,946.0,4.2,1.0,23
325,2018-03-15,Thursday,3 days 00:00:00.000000000,9 days 00:00:00.000000000,Chest,Flat Barbell Bench Press,17275.0,11.25925925925926,0.9259259259259259,23
326,2018-03-19,Monday,4 days 00:00:00.000000000,7 days 00:00:00.000000000,Back,Dumbbell Row,2116.0,5.545454545454546,1.0,23
327,2018-03-20,Tuesday,1 days 00:00:00.000000000,5 days 00:00:00.000000000,Chest,Flat Barbell Bench Press,7190.0,4.555555555555555,0.8888888888888888,23
328,2018-03-21,Wednesday,1 days 00:00:00.000000000,21 days 00:00:00.000000000,Legs,Leg Press,13975.0,12.391304347826088,0.4782608695652174,23
329,2018-03-26,Monday,5 days 00:00:00.000000000,7 days 00:00:00.000000000,Back,Dumbbell Row,2366.0,5.25,1.0,23
330,2018-03-27,Tuesday,1 days 00:00:00.000000000,7 days 00:00:00.000000000,Chest,Flat Barbell Bench Press,7040.0,4.555555555555555,0.8888888888888888,23
331,2018-03-30,Friday,3 days 00:00:00.000000000,9 days 00:00:00.000000000,Legs,Leg Press,23030.0,8.842105263157896,0.9473684210526315,23
332,2018-04-03,Tuesday,4 days 00:00:00.000000000,8 days 00:00:00.000000000,Back,Pull Up,52.0,7.428571428571429,1.0,23
333,2018-04-04,Wednesday,1 days 00:00:00.000000000,8 days 00:00:00.000000000,Chest,Flat Barbell Bench Press,6595.0,4.75,0.875,23
334,2018-04-09,Monday,5 days 00:00:00.000000000,6 days 00:00:00.000000000,Back,Hammer Strength Row,14352.0,8.931034482758621,1.0,23
335,2018-04-10,Tuesday,1 days 00:00:00.000000000,6 days 00:00:00.000000000,Chest,Flat Barbell Bench Press,9136.0,4.214285714285714,1.0,23
336,2018-04-16,Monday,6 days 00:00:00.000000000,7 days 00:00:00.000000000,Back,Dumbbell Row,2757.0,5.769230769230769,1.0,23
337,2018-04-18,Wednesday,2 days 00:00:00.000000000,8 days 00:00:00.000000000,Chest,Flat Barbell Bench Press,16125.0,11.0,0.9259259259259259,23
338,2018-04-19,Thursday,1 days 00:00:00.000000000,20 days 00:00:00.000000000,Legs,Barbell Squat,3720.0,6.25,0.75,23
339,2018-04-20,Friday,1 days 00:00:00.000000000,86 days 00:00:00.000000000,Abs,Undefined Ab Workout,1.0,1.0,0.5,23
340,2018-04-24,Tuesday,4 days 00:00:00.000000000,8 days 00:00:00.000000000,Back,Lat Pulldown,4539.0,6.277777777777778,1.0,23
341,2018-04-25,Wednesday,1 days 00:00:00.000000000,7 days 00:00:00.000000000,Chest,Flat Barbell Bench Press,7676.0,5.333333333333333,1.0,23
342,2018-05-01,Tuesday,6 days 00:00:00.000000000,7 days 00:00:00.000000000,Back,Dumbbell Row,1877.0,6.384615384615385,1.0,23
343,2018-05-02,Wednesday,1 days 00:00:00.000000000,7 days 00:00:00.000000000,Chest,Flat Barbell Bench Press,8825.0,4.75,0.9166666666666666,23
344,2018-05-04,Friday,2 days 00:00:00.000000000,14 days 00:00:00.000000000,Abs,Undefined Ab Workout,2.0,1.0,1.0,23
345,2018-05-07,Monday,3 days 00:00:00.000000000,6 days 00:00:00.000000000,Back,Dumbbell Row,1824.0,6.25,0.9375,23
346,2018-05-09,Wednesday,2 days 00:00:00.000000000,5 days 00:00:00.000000000,Abs,Undefined Ab Workout,1.0,1.0,0.5,23
347,2018-05-14,Monday,5 days 00:00:00.000000000,7 days 00:00:00.000000000,Back,Lat Pulldown,4280.0,7.857142857142857,1.0,23
348,2018-05-18,Friday,4 days 00:00:00.000000000,16 days 00:00:00.000000000,Chest,Flat Barbell Bench Press,6011.0,7.615384615384615,0.8076923076923077,23
349,2018-05-21,Monday,3 days 00:00:00.000000000,7 days 00:00:00.000000000,Back,Lat Pulldown,5905.0,7.043478260869565,1.0,23
350,2018-05-23,Wednesday,2 days 00:00:00.000000000,5 days 00:00:00.000000000,Chest,Flat Barbell Bench Press,6779.0,7.576923076923077,0.8461538461538461,23
351,2018-05-29,Tuesday,6 days 00:00:00.000000000,8 days 00:00:00.000000000,Back,Lat Pulldown,4908.0,5.052631578947368,1.0,23
352,2018-05-30,Wednesday,1 days 00:00:00.000000000,21 days 00:00:00.000000000,Abs,Undefined Ab Workout,1.0,1.0,0.5,23
353,2018-05-31,Thursday,1 days 00:00:00.000000000,8 days 00:00:00.000000000,Chest,Flat Barbell Bench Press,4590.0,7.423076923076923,0.6538461538461539,23
354,2018-06-01,Friday,1 days 00:00:00.000000000,43 days 00:00:00.000000000,Legs,Barbell Squat,9500.0,8.714285714285714,0.8571428571428571,23
355,2018-06-04,Monday,3 days 00:00:00.000000000,6 days 00:00:00.000000000,Back,Lat Pulldown,4877.0,5.5625,1.0,23
356,2018-06-08,Friday,4 days 00:00:00.000000000,8 days 00:00:00.000000000,Chest,Decline Cable Fly,4747.0,9.076923076923077,0.5769230769230769,23
357,2018-06-12,Tuesday,4 days 00:00:00.000000000,8 days 00:00:00.000000000,Back,Lat Pulldown,1230.0,4.333333333333333,0.8888888888888888,23
358,2018-06-13,Wednesday,1 days 00:00:00.000000000,184 days 00:00:00.000000000,Cooldown,Cooldown And Stretch,2.0,1.0,1.0,23
359,2018-06-14,Thursday,1 days 00:00:00.000000000,6 days 00:00:00.000000000,Chest,Flat Barbell Bench Press,8079.0,7.769230769230769,0.9230769230769231,23
360,2018-06-15,Friday,1 days 00:00:00.000000000,14 days 00:00:00.000000000,Legs,Barbell Squat,5700.0,7.4,0.8,23
361,2018-06-18,Monday,3 days 00:00:00.000000000,6 days 00:00:00.000000000,Back,Lat Pulldown,6755.0,6.647058823529412,1.0,23
362,2018-06-20,Wednesday,2 days 00:00:00.000000000,6 days 00:00:00.000000000,Chest,Decline Dumbbell Benchpress,1060.0,9.608695652173912,0.17391304347826086,23
363,2018-06-22,Friday,2 days 00:00:00.000000000,2 days 00:00:00.000000000,Chest,Flat Barbell Bench Press,6471.0,8.461538461538462,0.8076923076923077,23
364,2018-06-26,Tuesday,4 days 00:00:00.000000000,8 days 00:00:00.000000000,Back,Lat Pulldown,3636.0,5.545454545454546,0.9090909090909091,23
365,2018-06-27,Wednesday,1 days 00:00:00.000000000,5 days 00:00:00.000000000,Chest,Flat Barbell Bench Press,5652.0,7.769230769230769,0.6923076923076923,23
366,2018-07-03,Tuesday,6 days 00:00:00.000000000,7 days 00:00:00.000000000,Back,Lat Pulldown Pronated,10988.0,8.2,1.0,23
367,2018-07-04,Wednesday,1 days 00:00:00.000000000,7 days 00:00:00.000000000,Chest,Flat Barbell Bench Press,9373.0,8.461538461538462,1.0,23
368,2018-07-09,Monday,5 days 00:00:00.000000000,6 days 00:00:00.000000000,Back,Lat Pulldown,5935.0,6.625,1.0,23
369,2018-07-12,Thursday,3 days 00:00:00.000000000,8 days 00:00:00.000000000,Chest,Flat Barbell Bench Press,4721.0,8.92,0.6,23
370,2018-07-17,Tuesday,5 days 00:00:00.000000000,8 days 00:00:00.000000000,Back,Lat Pulldown,6167.0,6.588235294117647,1.0,23
371,2018-07-19,Thursday,2 days 00:00:00.000000000,7 days 00:00:00.000000000,Chest,Flat Barbell Bench Press,9224.0,8.0,0.96,23
372,2018-07-25,Wednesday,6 days 00:00:00.000000000,6 days 00:00:00.000000000,Chest,Flat Barbell Bench Press,9712.0,7.653846153846154,0.9230769230769231,23
373,2018-08-02,Thursday,8 days 00:00:00.000000000,16 days 00:00:00.000000000,Back,Pull Up,31.0,5.333333333333333,0.8333333333333334,23
374,2018-08-03,Friday,1 days 00:00:00.000000000,9 days 00:00:00.000000000,Chest,Flat Barbell Bench Press,4614.0,8.4,0.56,23
375,2018-08-04,Saturday,1 days 00:00:00.000000000,66 days 00:00:00.000000000,Abs,Decline Oblique Chops,60.0,14.0,0.4,23
376,2018-08-07,Tuesday,3 days 00:00:00.000000000,3 days 00:00:00.000000000,Abs,Decline Oblique Chops,60.0,14.0,0.4,23
377,2018-08-08,Wednesday,1 days 00:00:00.000000000,6 days 00:00:00.000000000,Back,Dumbbell Row,1853.0,6.1,1.0,23
378,2018-08-10,Friday,2 days 00:00:00.000000000,7 days 00:00:00.000000000,Chest,Flat Barbell Bench Press,9360.0,7.8076923076923075,0.9615384615384616,23
379,2018-08-22,Wednesday,12 days 00:00:00.000000000,12 days 00:00:00.000000000,Chest,Flat Barbell Bench Press,4728.0,8.56,0.6,23
380,2018-08-23,Thursday,1 days 00:00:00.000000000,16 days 00:00:00.000000000,Abs,Decline Oblique Chops,90.0,14.0,0.6,23
381,2018-08-24,Friday,1 days 00:00:00.000000000,16 days 00:00:00.000000000,Back,Lat Pulldown,5112.0,5.866666666666666,1.0,23
382,2018-08-28,Tuesday,4 days 00:00:00.000000000,5 days 00:00:00.000000000,Abs,Decline Oblique Chops,90.0,13.1875,0.5625,23
383,2018-08-30,Thursday,2 days 00:00:00.000000000,8 days 00:00:00.000000000,Chest,Flat Barbell Bench Press,5125.0,7.185185185185185,0.7037037037037037,23
384,2018-09-01,Saturday,2 days 00:00:00.000000000,8 days 00:00:00.000000000,Back,Lat Pulldown,4455.0,5.3125,1.0,23
385,2018-09-04,Tuesday,3 days 00:00:00.000000000,5 days 00:00:00.000000000,Chest,Flat Barbell Bench Press,9220.0,5.59375,0.96875,23
386,2018-09-05,Wednesday,1 days 00:00:00.000000000,4 days 00:00:00.000000000,Back,Dumbbell Row,892.0,5.5,1.0,23
387,2018-09-06,Thursday,1 days 00:00:00.000000000,9 days 00:00:00.000000000,Abs,Decline Oblique Chops,118.0,12.4375,0.625,23
388,2018-09-12,Wednesday,6 days 00:00:00.000000000,8 days 00:00:00.000000000,Chest,Flat Barbell Bench Press,9946.0,6.888888888888889,1.0,23
389,2018-09-14,Friday,2 days 00:00:00.000000000,8 days 00:00:00.000000000,Abs,Decline Oblique Chops,24.0,18.4,0.13333333333333333,23
390,2018-09-17,Monday,3 days 00:00:00.000000000,12 days 00:00:00.000000000,Back,Dumbbell Row,1744.0,5.363636363636363,0.9090909090909091,23
391,2018-09-18,Tuesday,1 days 00:00:00.000000000,4 days 00:00:00.000000000,Abs,Decline Oblique Chops,48.0,14.3125,0.25,23
392,2018-09-19,Wednesday,1 days 00:00:00.000000000,7 days 00:00:00.000000000,Chest,Decline Dumbbell Benchpress,3580.0,10.0,0.43478260869565216,23
393,2018-09-21,Friday,2 days 00:00:00.000000000,3 days 00:00:00.000000000,Abs,Decline Oblique Chops,24.0,18.4,0.13333333333333333,23
394,2018-10-01,Monday,10 days 00:00:00.000000000,12 days 00:00:00.000000000,Chest,Decline Barbell Bench Press,8690.0,9.26923076923077,0.5769230769230769,23
395,2018-10-03,Wednesday,2 days 00:00:00.000000000,12 days 00:00:00.000000000,Abs,Decline Oblique Chops,60.0,14.3125,0.3125,23
396,2018-10-04,Thursday,1 days 00:00:00.000000000,17 days 00:00:00.000000000,Back,Dumbbell Row,2357.0,5.7272727272727275,1.0,23
397,2018-10-09,Tuesday,5 days 00:00:00.000000000,6 days 00:00:00.000000000,Abs,Decline Oblique Chops,60.0,14.3125,0.3125,23
398,2018-10-10,Wednesday,1 days 00:00:00.000000000,9 days 00:00:00.000000000,Chest,Decline Barbell Bench Press,9086.0,7.695652173913044,0.9130434782608695,23
399,2018-10-12,Friday,2 days 00:00:00.000000000,8 days 00:00:00.000000000,Back,Dumbbell Row,1708.0,5.0,0.9,23
400,2018-10-23,Tuesday,11 days 00:00:00.000000000,13 days 00:00:00.000000000,Chest,Decline Barbell Bench Press,12020.0,8.115384615384615,0.8846153846153846,23
401,2018-10-24,Wednesday,1 days 00:00:00.000000000,15 days 00:00:00.000000000,Abs,Decline Oblique Chops,60.0,15.8125,0.3125,23
402,2018-10-25,Thursday,1 days 00:00:00.000000000,13 days 00:00:00.000000000,Back,Pull Up,32.0,4.714285714285714,0.8571428571428571,23
403,2018-10-27,Saturday,2 days 00:00:00.000000000,3 days 00:00:00.000000000,Abs,Decline Oblique Chops,195.0,13.0,1.0,23
404,2018-11-02,Friday,6 days 00:00:00.000000000,10 days 00:00:00.000000000,Chest,Decline Barbell Bench Press,6070.0,10.0,0.36,23
405,2018-11-05,Monday,3 days 00:00:00.000000000,9 days 00:00:00.000000000,Abs,Decline Oblique Chops,84.0,13.1875,0.375,23
406,2018-11-06,Tuesday,1 days 00:00:00.000000000,12 days 00:00:00.000000000,Back,Dumbbell Row,992.0,5.0,0.8888888888888888,23
407,2018-11-12,Monday,6 days 00:00:00.000000000,10 days 00:00:00.000000000,Chest,Decline Barbell Bench Press,13290.0,7.461538461538462,1.0,23
408,2018-11-16,Friday,4 days 00:00:00.000000000,10 days 00:00:00.000000000,Back,Dumbbell Row,1982.0,4.5,0.9285714285714286,23
409,2018-11-24,Saturday,8 days 00:00:00.000000000,19 days 00:00:00.000000000,Abs,Decline Oblique Chops,225.0,14.125,0.9375,23
410,2018-11-26,Monday,2 days 00:00:00.000000000,14 days 00:00:00.000000000,Chest,Decline Barbell Bench Press,6734.0,9.23076923076923,0.46153846153846156,23
411,2018-11-30,Friday,4 days 00:00:00.000000000,14 days 00:00:00.000000000,Back,Dumbbell Row,834.0,5.0,0.8888888888888888,23
412,2018-12-01,Saturday,1 days 00:00:00.000000000,7 days 00:00:00.000000000,Abs,Decline Oblique Chops,240.0,15.0625,0.9375,23
413,2018-12-03,Monday,2 days 00:00:00.000000000,7 days 00:00:00.000000000,Chest,Decline Barbell Bench Press,11003.0,7.296296296296297,0.8518518518518519,23
414,2018-12-05,Wednesday,2 days 00:00:00.000000000,5 days 00:00:00.000000000,Back,Dumbbell Row,2230.0,4.846153846153846,0.9230769230769231,23
415,2018-12-08,Saturday,3 days 00:00:00.000000000,7 days 00:00:00.000000000,Abs,Decline Oblique Chops,255.0,16.0,0.9444444444444444,23
416,2018-12-10,Monday,2 days 00:00:00.000000000,7 days 00:00:00.000000000,Chest,Decline Barbell Bench Press,9835.0,8.666666666666666,0.6666666666666666,23
417,2018-12-14,Friday,4 days 00:00:00.000000000,9 days 00:00:00.000000000,Back,Dumbbell Row,2211.0,4.714285714285714,0.9375,23
418,2018-12-15,Saturday,1 days 00:00:00.000000000,7 days 00:00:00.000000000,Abs,Decline Oblique Chops,54.0,17.6875,0.2777777777777778,23
419,2018-12-26,Wednesday,11 days 00:00:00.000000000,16 days 00:00:00.000000000,Chest,Decline Barbell Bench Press,9601.0,6.071428571428571,0.9333333333333333,23
420,2018-12-29,Saturday,3 days 00:00:00.000000000,14 days 00:00:00.000000000,Abs,Decline Oblique Chops,128.0,16.8125,0.5555555555555556,23
421,2019-01-02,Wednesday,4 days 00:00:00.000000000,7 days 00:00:00.000000000,Chest,Decline Barbell Bench Press,13090.0,6.787878787878788,0.9428571428571428,24
422,2019-01-04,Friday,2 days 00:00:00.000000000,6 days 00:00:00.000000000,Abs,Decline Oblique Chops,271.0,16.9375,1.0,24
423,2019-01-08,Tuesday,4 days 00:00:00.000000000,6 days 00:00:00.000000000,Chest,Decline Barbell Bench Press,12652.0,6.586206896551724,0.9032258064516129,24
424,2019-01-15,Tuesday,7 days 00:00:00.000000000,11 days 00:00:00.000000000,Abs,Ab-Wheel Rollout Side-Side-Front,133.0,18.25,0.5,24
425,2019-01-19,Saturday,4 days 00:00:00.000000000,11 days 00:00:00.000000000,Chest,Decline Barbell Bench Press,12921.0,6.666666666666667,0.9375,24
426,2019-01-21,Monday,2 days 00:00:00.000000000,38 days 00:00:00.000000000,Back,Wide Lat Pulldown Supinated,17173.0,12.0,1.0,24
427,2019-01-28,Monday,7 days 00:00:00.000000000,13 days 00:00:00.000000000,Abs,Decline Oblique Chops,286.0,17.875,0.8947368421052632,24
428,2019-02-01,Friday,4 days 00:00:00.000000000,13 days 00:00:00.000000000,Chest,Decline Barbell Bench Press,13491.0,7.206896551724138,1.0,24
429,2019-02-02,Saturday,1 days 00:00:00.000000000,5 days 00:00:00.000000000,Abs,Decline Oblique Chops,151.0,9.4375,1.0,24
430,2019-02-04,Monday,2 days 00:00:00.000000000,14 days 00:00:00.000000000,Back,Wide Lat Pulldown Supinated,7980.0,12.048780487804878,0.42857142857142855,24
431,2019-02-08,Friday,4 days 00:00:00.000000000,6 days 00:00:00.000000000,Abs,Decline Oblique Chops,101.0,18.8125,0.47368421052631576,24
432,2019-02-09,Saturday,1 days 00:00:00.000000000,5 days 00:00:00.000000000,Back,Wide Lat Pulldown Supinated,19794.0,12.146341463414634,1.0,24
433,2019-02-11,Monday,2 days 00:00:00.000000000,10 days 00:00:00.000000000,Chest,Decline Barbell Bench Press,10591.0,8.964285714285714,0.6551724137931034,24
434,2019-02-14,Thursday,3 days 00:00:00.000000000,6 days 00:00:00.000000000,Abs,Decline Oblique Chops,90.0,17.176470588235293,0.4,24
435,2019-02-18,Monday,4 days 00:00:00.000000000,9 days 00:00:00.000000000,Back,Wide Lat Pulldown Supinated,22612.0,12.095238095238095,1.0,24
436,2019-02-21,Thursday,3 days 00:00:00.000000000,7 days 00:00:00.000000000,Abs,Decline Oblique Chops,102.0,17.764705882352942,0.5,24
437,2019-02-23,Saturday,2 days 00:00:00.000000000,12 days 00:00:00.000000000,Chest,Decline Barbell Bench Press,10592.0,9.0,0.6551724137931034,24
438,2019-03-04,Monday,9 days 00:00:00.000000000,11 days 00:00:00.000000000,Abs,Mounted Oblique Leans,120.0,18.8125,0.4117647058823529,24
439,2019-03-06,Wednesday,2 days 00:00:00.000000000,11 days 00:00:00.000000000,Chest,Decline Barbell Bench Press,8041.0,9.333333333333334,0.5,24
440,2019-03-11,Monday,5 days 00:00:00.000000000,21 days 00:00:00.000000000,Back,Wide Lat Pulldown Supinated,15910.0,12.317073170731707,0.5714285714285714,24
441,2019-03-13,Wednesday,2 days 00:00:00.000000000,9 days 00:00:00.000000000,Abs,Decline Oblique Chops,140.0,18.8125,0.47058823529411764,24
442,2019-03-20,Wednesday,7 days 00:00:00.000000000,14 days 00:00:00.000000000,Chest,Decline Barbell Bench Press,10601.0,8.366666666666667,0.6666666666666666,24
443,2019-03-23,Saturday,3 days 00:00:00.000000000,12 days 00:00:00.000000000,Back,Wide Lat Pulldown Supinated,18200.0,12.365853658536585,0.7857142857142857,24
444,2019-03-29,Friday,6 days 00:00:00.000000000,16 days 00:00:00.000000000,Abs,Decline Oblique Chops,240.0,18.8125,0.7647058823529411,24
445,2019-03-30,Saturday,1 days 00:00:00.000000000,7 days 00:00:00.000000000,Back,Wide Lat Pulldown Supinated,20800.0,12.317073170731707,0.7857142857142857,24
446,2019-04-01,Monday,2 days 00:00:00.000000000,12 days 00:00:00.000000000,Chest,Decline Barbell Bench Press,10841.0,7.382352941176471,0.7142857142857143,24
447,2019-04-12,Friday,11 days 00:00:00.000000000,14 days 00:00:00.000000000,Abs,Decline Oblique Chops,80.0,18.8125,0.3684210526315789,24
448,2019-04-13,Saturday,1 days 00:00:00.000000000,12 days 00:00:00.000000000,Chest,Decline Barbell Bench Press,8730.0,8.0,0.59375,24
449,2019-04-15,Monday,2 days 00:00:00.000000000,16 days 00:00:00.000000000,Back,Wide Lat Pulldown Supinated,13661.0,12.146341463414634,0.5714285714285714,24
450,2019-04-19,Friday,4 days 00:00:00.000000000,7 days 00:00:00.000000000,Abs,Mounted Oblique Leans,80.0,18.8125,0.3684210526315789,24
451,2019-04-22,Monday,3 days 00:00:00.000000000,9 days 00:00:00.000000000,Chest,Decline Barbell Bench Press,10040.0,8.185185185185185,0.7142857142857143,24
452,2019-04-27,Saturday,5 days 00:00:00.000000000,12 days 00:00:00.000000000,Back,Wide Lat Pulldown Supinated,22601.0,12.317073170731707,1.0,24
453,2019-05-02,Thursday,5 days 00:00:00.000000000,13 days 00:00:00.000000000,Abs,Decline Oblique Chops,541.0,11.3125,0.8235294117647058,24
454,2019-05-04,Saturday,2 days 00:00:00.000000000,12 days 00:00:00.000000000,Chest,Decline Barbell Bench Press,10416.0,8.928571428571429,0.7241379310344828,24
455,2019-05-06,Monday,2 days 00:00:00.000000000,9 days 00:00:00.000000000,Back,Wide Lat Pulldown Supinated,13271.0,12.317073170731707,0.5238095238095238,24
456,2019-05-08,Wednesday,2 days 00:00:00.000000000,6 days 00:00:00.000000000,Abs,Decline Oblique Chops,420.0,13.1875,0.5882352941176471,24
457,2019-05-11,Saturday,3 days 00:00:00.000000000,7 days 00:00:00.000000000,Chest,Decline Barbell Bench Press,8367.0,9.233333333333333,0.6129032258064516,24
458,2019-05-14,Tuesday,3 days 00:00:00.000000000,6 days 00:00:00.000000000,Abs,Decline Oblique Chops,731.0,10.6875,0.7647058823529411,24
